Year,A01,A02,A03,A04,A05,A06,A07,A08,A09,A10,A11,A12,A13,A14,A15,A16,A17,A18,A19,A20,A21,A22,A23,A24,A25,A26,A27,A28,A29,A30,A31,A32,A33,A34,A35,A36,A37,A38,A39,A40,A41,A42,A43,A44,A45,A46,A47,A48,A49,A50,A51,A52,A53,A54,A55,A56,A57,A58,A59,A60
1894,NA,1.146,NA,NA,NA,NA,NA,NA,NA,NA,NA,NA,NA,NA,NA,NA,NA,NA,NA,NA,NA,NA,NA,NA,NA,NA,NA,NA,NA,NA,NA,NA,NA,NA,NA,NA,NA,NA,NA,NA,NA,NA,NA,NA,NA,NA,NA,NA,NA,NA,NA,NA,NA,NA,NA,NA,NA,NA,NA,NA
1895,NA,0.794,NA,NA,NA,NA,NA,NA,NA,0.834,NA,NA,NA,NA,NA,NA,NA,NA,NA,NA,NA,NA,NA,NA,NA,NA,NA,NA,NA,NA,NA,NA,NA,NA,NA,NA,NA,NA,NA,NA,NA,NA,NA,NA,NA,NA,NA,NA,NA,NA,NA,NA,NA,NA,NA,NA,NA,NA,NA,NA
1896,NA,1.052,NA,NA,NA,NA,NA,NA,NA,1,NA,NA,1.406,NA,NA,NA,NA,NA,NA,NA,NA,NA,NA,NA,NA,NA,NA,NA,NA,NA,NA,NA,NA,NA,NA,NA,NA,NA,NA,NA,NA,NA,NA,NA,NA,NA,NA,NA,NA,NA,NA,NA,NA,NA,NA,NA,NA,NA,NA,NA
1897,NA,0.994,NA,NA,NA,NA,NA,NA,NA,0.84,NA,NA,1.036,NA,NA,NA,NA,NA,NA,NA,NA,NA,NA,NA,NA,NA,NA,NA,NA,NA,NA,NA,NA,NA,NA,NA,NA,NA,NA,NA,NA,NA,NA,NA,NA,NA,NA,NA,NA,NA,NA,NA,NA,NA,NA,NA,NA,NA,NA,NA
1898,NA,1.234,NA,NA,NA,NA,NA,NA,NA,0.794,NA,NA,1.154,NA,NA,NA,NA,NA,NA,NA,NA,NA,NA,NA,NA,NA,NA,NA,NA,NA,NA,NA,NA,NA,NA,NA,NA,NA,NA,NA,NA,NA,NA,NA,NA,NA,NA,NA,NA,NA,NA,NA,NA,NA,NA,NA,NA,NA,NA,NA
1899,NA,1.702,NA,NA,NA,NA,NA,NA,NA,1.12,NA,NA,1.692,NA,NA,NA,NA,NA,NA,0.982,NA,NA,NA,NA,NA,NA,NA,NA,NA,NA,NA,NA,NA,NA,NA,NA,NA,NA,NA,NA,NA,NA,NA,NA,1.56,NA,NA,NA,NA,NA,NA,NA,NA,NA,NA,NA,NA,NA,NA,NA
1900,NA,1.996,NA,NA,NA,NA,NA,NA,NA,1.068,NA,NA,1.896,0.99,NA,NA,NA,NA,NA,0.97,NA,NA,NA,NA,NA,NA,NA,NA,NA,NA,NA,NA,NA,NA,NA,NA,NA,NA,NA,NA,NA,NA,1.532,NA,1.454,NA,NA,NA,NA,NA,NA,NA,NA,NA,NA,NA,NA,NA,NA,NA
1901,NA,1.948,1.53,NA,NA,NA,NA,NA,NA,1.176,NA,NA,1.784,1.04,NA,NA,NA,NA,NA,0.986,NA,NA,NA,NA,NA,NA,NA,NA,NA,NA,NA,NA,NA,NA,NA,NA,NA,NA,NA,NA,NA,NA,1.642,2.504,1.616,NA,NA,NA,NA,NA,NA,NA,NA,NA,NA,NA,NA,NA,NA,NA
1902,NA,1.558,1.12,NA,NA,0.844,NA,NA,NA,0.876,NA,NA,1.224,1.282,NA,NA,NA,NA,NA,0.592,NA,NA,NA,NA,NA,NA,NA,NA,NA,NA,NA,NA,NA,NA,NA,NA,NA,NA,NA,NA,NA,NA,1.104,1.386,1.554,0.748,NA,NA,NA,NA,NA,NA,NA,NA,NA,NA,NA,NA,NA,NA
1903,NA,1.708,1.01,NA,NA,0.942,NA,NA,NA,0.836,NA,NA,1.136,1.342,NA,NA,NA,NA,NA,0.742,NA,NA,NA,NA,NA,NA,NA,NA,NA,NA,NA,NA,0.714,NA,NA,NA,NA,NA,NA,NA,NA,NA,0.992,1.084,1.302,0.638,NA,NA,NA,NA,NA,NA,NA,NA,0.548,NA,NA,NA,NA,NA
1904,NA,1.22,0.884,NA,NA,0.928,NA,NA,NA,0.886,NA,NA,1.064,1.266,NA,NA,NA,NA,NA,0.848,NA,NA,NA,NA,NA,NA,NA,NA,NA,NA,NA,NA,0.584,0.506,NA,NA,NA,NA,NA,NA,NA,NA,0.828,0.666,1.204,0.466,NA,NA,NA,NA,NA,NA,NA,NA,0.382,NA,NA,NA,NA,NA
1905,NA,1.114,0.576,NA,NA,0.744,NA,NA,NA,0.512,0.448,NA,0.614,1.166,NA,NA,NA,NA,NA,0.836,NA,NA,NA,NA,NA,NA,NA,NA,0.662,NA,NA,1.252,0.404,0.366,NA,NA,NA,0.388,NA,NA,NA,NA,0.758,0.54,0.898,0.334,NA,NA,NA,NA,NA,NA,NA,NA,0.394,NA,NA,NA,NA,NA
1906,NA,1.418,0.86,NA,NA,0.818,NA,NA,NA,0.748,0.422,NA,0.598,1.208,NA,NA,NA,NA,NA,0.718,NA,NA,NA,1.206,NA,NA,NA,NA,0.94,NA,NA,1.694,0.54,0.428,NA,NA,NA,0.424,NA,NA,NA,NA,0.87,0.608,1.024,0.362,0.778,NA,NA,NA,NA,NA,NA,1.392,0.508,NA,NA,NA,NA,NA
1907,NA,1.38,0.846,NA,NA,0.852,NA,NA,NA,0.57,0.316,NA,0.566,0.918,NA,NA,NA,NA,NA,0.576,NA,NA,NA,1.202,NA,NA,NA,NA,1.21,NA,NA,1.474,0.422,0.388,NA,NA,NA,0.588,NA,NA,NA,NA,0.69,0.558,0.938,0.298,0.634,NA,NA,NA,NA,NA,NA,1.7,0.394,NA,NA,NA,NA,NA
1908,NA,1.004,0.714,NA,NA,0.764,NA,NA,NA,0.638,0.386,NA,0.616,0.616,NA,NA,NA,NA,NA,0.58,NA,NA,NA,1.022,NA,NA,NA,NA,0.904,NA,NA,1.378,0.42,0.538,NA,NA,NA,0.566,NA,NA,NA,NA,0.702,0.474,0.894,0.26,0.43,NA,NA,NA,NA,NA,NA,1.216,0.366,NA,NA,NA,NA,NA
1909,NA,0.842,0.834,NA,NA,0.682,NA,NA,NA,0.608,0.402,NA,0.658,0.91,NA,NA,NA,NA,NA,0.546,NA,NA,NA,1.068,NA,NA,NA,NA,0.826,NA,NA,1.158,0.376,0.518,NA,NA,NA,0.54,1.458,NA,NA,NA,0.702,0.478,0.872,0.258,0.514,NA,NA,NA,NA,NA,NA,1.118,0.364,NA,NA,NA,0.466,NA
1910,NA,0.658,0.598,NA,NA,0.514,NA,NA,NA,0.536,0.252,NA,0.56,0.812,NA,NA,NA,NA,NA,0.492,NA,NA,NA,0.918,NA,0.48,NA,NA,0.864,NA,NA,1.104,0.338,0.478,NA,NA,NA,0.356,1.254,NA,NA,NA,0.588,0.364,0.588,0.238,0.384,NA,NA,NA,NA,NA,NA,1.284,0.23,NA,NA,NA,0.434,NA
1911,NA,0.79,0.796,NA,NA,0.56,NA,NA,NA,0.524,0.256,NA,0.502,0.818,0.544,NA,NA,NA,0.622,0.508,NA,NA,NA,1.032,NA,0.56,0.612,NA,0.888,NA,NA,0.938,0.38,0.57,NA,NA,NA,0.422,1.021,NA,NA,NA,0.622,0.448,0.688,0.37,0.696,NA,NA,NA,NA,NA,NA,1.086,0.352,NA,0.56,0.915,0.386,NA
1912,NA,0.658,0.614,NA,NA,0.434,NA,NA,NA,0.57,0.366,NA,0.444,0.868,0.494,NA,NA,NA,0.476,0.372,NA,NA,NA,0.694,NA,0.404,0.492,NA,0.644,NA,NA,0.96,0.342,0.448,0.676,NA,NA,0.338,1.078,NA,NA,NA,0.61,0.496,0.546,0.274,0.464,NA,NA,NA,0.396,NA,0.309,1.282,0.31,NA,0.358,0.718,0.218,NA
1913,NA,0.744,0.742,NA,NA,0.554,NA,NA,NA,0.702,0.43,NA,0.534,0.628,0.578,NA,NA,NA,0.786,0.368,NA,NA,0.566,0.972,NA,0.716,0.712,NA,0.728,NA,NA,1.038,0.416,0.632,0.898,NA,NA,0.436,0.782,NA,NA,NA,0.796,0.622,0.938,0.328,0.592,NA,NA,NA,0.47,NA,0.422,0.726,0.398,NA,0.368,0.452,0.28,NA
1914,NA,0.77,0.656,0.87,NA,0.46,NA,NA,NA,0.728,0.42,NA,0.584,0.664,0.436,NA,0.646,NA,0.85,0.316,NA,NA,0.61,1.15,NA,0.614,0.826,NA,0.872,NA,NA,1.072,0.356,0.614,0.644,NA,NA,0.594,0.849,0.71,NA,NA,0.512,0.604,1.066,0.322,0.524,NA,NA,0.656,0.312,NA,0.46,0.886,0.318,NA,0.388,0.593,0.338,NA
1915,NA,0.718,0.52,0.574,NA,0.35,NA,NA,NA,0.532,0.38,NA,0.51,0.638,0.438,NA,0.538,NA,0.596,0.658,NA,NA,0.534,0.734,NA,0.456,0.716,NA,0.49,NA,NA,0.658,0.448,0.492,0.53,NA,NA,0.482,0.978,0.522,0.664,NA,0.472,0.45,0.648,0.324,0.352,NA,NA,0.5,0.296,1.55,0.349,0.742,0.29,NA,0.42,0.635,0.274,NA
1916,NA,0.872,0.636,1.004,NA,0.672,NA,NA,NA,0.71,0.348,NA,0.49,0.68,0.656,NA,1.026,NA,0.766,1.258,NA,NA,0.542,1.274,NA,0.752,0.83,NA,0.912,NA,NA,0.898,0.452,0.71,0.608,NA,NA,0.626,0.852,0.608,0.45,NA,0.41,0.442,0.738,0.348,0.74,NA,NA,0.608,0.384,1.766,0.504,0.72,0.402,NA,0.628,0.57,0.566,NA
1917,NA,0.838,0.712,0.888,0.742,0.528,NA,NA,NA,0.674,0.442,NA,0.582,0.802,0.948,NA,0.954,NA,0.85,1.18,NA,NA,0.568,1.202,NA,0.782,0.842,NA,0.776,NA,NA,1.174,0.536,0.806,0.696,NA,NA,0.756,0.647,0.638,0.27,NA,0.498,0.428,0.644,0.442,0.632,NA,NA,0.73,0.494,1.146,0.523,0.776,0.58,NA,0.63,0.505,0.518,0.593
1918,NA,0.784,0.506,0.71,0.596,0.496,NA,0.554,NA,0.566,0.372,NA,0.456,0.752,0.702,NA,0.904,NA,0.63,0.884,NA,NA,0.48,0.898,1.052,0.752,0.774,NA,0.772,NA,NA,0.916,0.416,0.564,0.538,NA,NA,0.652,0.836,0.478,0.379,0.694,0.41,0.408,0.648,0.45,0.412,NA,NA,0.664,0.282,1.82,0.473,0.898,0.4,NA,0.552,0.697,0.34,0.375
1919,NA,0.664,0.458,0.622,0.63,0.472,NA,0.67,NA,0.46,0.45,NA,0.428,0.79,0.58,NA,0.946,0.642,0.77,0.994,0.992,NA,0.562,0.798,1.096,0.712,0.99,NA,0.648,NA,NA,0.962,0.344,0.51,0.61,NA,NA,0.642,0.806,0.42,0.364,0.526,0.396,0.312,0.536,0.36,0.326,NA,NA,0.588,0.222,1.38,0.507,0.604,0.336,NA,0.476,0.516,0.316,0.439
1920,NA,0.964,0.504,0.602,0.816,0.432,NA,0.592,NA,0.482,0.342,NA,0.436,0.916,0.676,NA,0.864,0.68,0.744,1.146,0.988,NA,0.602,0.962,0.876,0.938,0.9,NA,0.646,NA,NA,0.942,0.528,0.674,0.626,NA,NA,0.734,0.796,0.518,0.327,0.692,0.42,0.368,0.58,0.452,0.496,NA,NA,0.762,0.35,1.562,0.498,0.61,0.48,NA,0.574,0.626,0.406,0.391
1921,NA,0.898,0.48,0.616,0.674,0.49,NA,0.694,NA,0.594,0.34,NA,0.5,0.81,0.684,NA,0.848,0.606,0.768,0.99,1.032,NA,0.766,1.03,0.976,0.846,0.684,NA,0.68,NA,NA,0.734,0.35,0.54,0.674,NA,NA,0.632,0.805,0.56,0.31,0.688,0.484,0.298,0.608,0.328,0.474,NA,0.876,0.616,0.272,2.616,0.36,0.576,0.414,0.694,0.406,0.549,0.334,0.724
1922,NA,0.916,0.562,0.714,0.754,0.64,NA,0.618,NA,0.578,0.358,NA,0.576,0.798,0.818,NA,0.954,0.552,0.714,1.09,0.872,NA,0.632,1.212,0.912,0.718,0.668,NA,0.792,0.914,NA,0.868,0.514,0.812,0.68,NA,NA,0.752,0.67,0.488,0.183,0.638,0.674,0.348,0.55,0.396,0.612,NA,0.758,0.57,0.3,1.8,0.402,0.46,0.508,1.056,0.498,0.49,0.452,0.482
1923,NA,0.824,0.526,0.564,0.64,0.5,NA,0.736,NA,0.516,0.416,1.254,0.486,0.846,0.82,NA,1.002,0.562,0.772,0.906,0.75,0.884,0.758,1.02,0.74,0.698,0.744,NA,0.666,0.836,NA,0.658,0.332,0.568,0.656,NA,NA,0.672,0.671,0.568,0.271,0.65,0.636,0.306,0.59,0.348,0.486,NA,0.71,0.644,0.216,1.664,0.35,0.59,0.444,0.772,0.436,0.403,0.34,0.289
1924,NA,0.846,0.508,0.528,0.644,0.392,NA,0.554,NA,0.414,0.344,1.318,0.474,0.738,0.582,0.79,0.744,0.524,0.64,0.754,0.896,0.66,0.536,0.876,0.966,0.722,0.642,NA,0.58,0.773,NA,0.682,0.406,0.522,0.726,NA,NA,0.522,0.721,0.474,0.241,0.574,0.458,0.3,0.532,0.264,0.422,NA,0.588,0.558,0.262,1.466,0.351,0.588,0.438,0.657,0.358,0.298,0.338,0.291
1925,NA,0.872,0.388,0.54,0.658,0.474,0.776,0.56,NA,0.362,0.314,1.362,0.458,0.886,0.436,1.012,0.758,0.68,0.542,0.562,0.656,0.654,0.506,0.686,0.69,0.768,0.72,NA,0.546,0.94,NA,0.666,0.456,0.602,0.768,NA,0.68,0.524,0.738,0.518,0.302,0.652,0.494,0.28,0.568,0.288,0.364,NA,0.546,0.586,0.32,1.054,0.349,0.604,0.388,0.644,0.39,0.273,0.302,0.248
1926,NA,0.504,0.294,0.54,0.668,0.33,0.792,0.462,NA,0.444,0.24,0.472,0.408,0.836,0.384,0.61,0.804,0.434,0.55,0.628,0.762,0.516,0.416,0.794,0.662,0.612,0.562,NA,0.504,0.664,NA,0.632,0.394,0.486,0.554,NA,0.688,0.396,0.781,0.374,0.385,0.468,0.382,0.274,0.398,0.292,0.27,NA,0.49,0.486,0.234,0.858,0.409,0.488,0.278,0.441,0.302,0.301,0.224,0.29
1927,NA,0.574,0.366,0.498,0.422,0.384,0.87,0.536,NA,0.372,0.276,0.582,0.34,0.686,0.338,0.89,0.918,0.526,0.678,0.462,0.858,0.558,0.536,0.748,0.656,0.62,0.546,NA,0.524,1.043,NA,0.522,0.348,0.518,0.576,NA,0.62,0.342,0.765,0.492,0.273,0.674,0.4,0.242,0.468,0.296,0.278,1.364,0.584,0.476,0.276,0.648,0.405,0.378,0.252,0.576,0.33,0.22,0.238,0.209
1928,NA,0.616,0.308,0.484,0.384,0.628,0.666,0.426,NA,0.364,0.248,0.448,0.378,0.678,0.36,0.648,0.574,0.486,0.562,0.116,0.592,0.458,0.494,0.652,0.824,0.644,0.496,NA,0.46,0.828,NA,0.492,0.314,0.474,0.476,NA,0.532,0.372,0.7,0.494,0.488,0.598,0.398,0.222,0.404,0.258,0.362,0.734,0.658,0.494,0.286,0.682,0.353,0.328,0.268,0.399,0.296,0.219,0.224,0.218
1929,NA,0.494,0.262,0.296,0.354,0.368,0.598,0.354,NA,0.292,0.182,0.442,0.224,0.554,0.2,0.538,0.464,0.382,0.376,0.112,1.056,0.39,0.458,0.498,0.728,0.466,0.438,NA,0.348,0.638,NA,0.434,0.28,0.404,0.526,NA,0.434,0.382,0.564,0.374,0.488,0.518,0.268,0.192,0.354,0.278,0.286,0.52,0.422,0.384,0.2,0.564,0.256,0.292,0.238,0.523,0.27,0.324,0.128,0.173
1930,NA,0.47,0.288,0.364,0.384,0.348,0.522,0.35,NA,0.318,0.298,0.306,0.236,0.552,0.482,0.414,0.724,0.314,0.376,0.18,1.022,0.376,0.354,0.518,0.67,0.532,0.568,NA,0.39,0.721,0.508,0.542,0.302,0.46,0.46,NA,0.326,0.35,0.563,0.356,0.498,0.442,0.364,0.236,0.468,0.274,0.37,0.438,0.326,0.358,0.264,0.484,0.234,0.23,0.3,0.525,0.218,0.376,0.164,0.175
1931,NA,0.33,0.218,0.282,0.45,0.252,0.364,0.37,NA,0.254,0.19,0.502,0.172,0.584,0.466,0.492,0.678,0.312,0.336,0.202,1.05,0.476,0.352,0.466,0.582,0.508,0.572,NA,0.378,0.708,0.57,0.518,0.236,0.37,0.45,0.276,0.488,0.238,0.542,0.372,0.539,0.42,0.296,0.212,0.306,0.268,0.32,0.636,0.416,0.394,0.302,0.572,0.228,0.33,0.362,0.356,0.266,0.324,0.198,0.236
1932,NA,0.394,0.268,0.298,0.334,0.392,0.34,0.316,NA,0.332,0.258,0.456,0.254,0.406,0.44,0.476,0.682,0.346,0.386,0.186,0.88,0.36,0.252,0.506,0.65,0.462,0.484,NA,0.452,0.612,0.59,0.566,0.252,0.382,0.462,0.27,0.406,0.242,0.431,0.356,0.582,0.384,0.354,0.206,0.328,0.288,0.376,0.613,0.42,0.514,0.364,0.358,0.203,0.304,0.442,0.623,0.222,0.298,0.138,0.25
1933,NA,0.478,0.29,0.358,0.36,0.334,0.29,0.314,NA,0.328,0.266,0.494,0.286,0.472,0.452,0.57,0.712,0.354,0.382,0.2,1.01,0.372,0.302,0.638,0.504,0.512,0.474,NA,0.464,0.739,0.682,0.744,0.35,0.34,0.554,0.294,0.646,0.356,0.418,0.396,0.479,0.482,0.346,0.238,0.462,0.368,0.436,0.603,0.436,0.542,0.37,0.53,0.219,0.326,0.422,0.64,0.3,0.272,0.214,0.27
1934,NA,0.326,0.29,0.288,0.41,0.408,0.338,0.252,NA,0.334,0.24,0.464,0.23,0.34,0.408,0.58,0.916,0.352,0.458,0.212,0.922,0.448,0.324,0.618,0.48,0.542,0.496,NA,0.476,0.756,0.674,0.608,0.312,0.388,0.586,0.288,0.482,0.338,0.511,0.274,0.526,0.464,0.398,0.294,0.446,0.424,0.394,0.495,0.416,0.532,0.316,0.416,0.317,0.32,0.514,0.495,0.284,0.338,0.224,0.25
1935,0.902,0.362,0.282,0.27,0.388,0.326,0.266,0.274,NA,0.23,0.228,0.46,0.218,0.398,0.346,0.398,0.78,0.336,0.43,0.222,1.3,0.436,0.306,0.608,0.48,0.518,0.444,NA,0.604,0.566,0.586,0.626,0.274,0.324,0.522,0.274,0.53,0.376,0.508,0.32,0.553,0.412,0.284,0.23,0.422,0.314,0.374,0.514,0.396,0.526,0.334,0.732,0.303,0.338,0.486,0.389,0.276,0.31,0.214,0.274
1936,0.206,0.406,0.324,0.228,0.458,0.23,0.274,0.204,NA,0.34,0.172,0.356,0.176,0.454,0.254,0.308,0.598,0.246,0.28,0.142,1.14,0.31,0.308,0.502,0.518,0.498,0.37,NA,0.486,0.47,0.524,0.502,0.274,0.268,0.45,0.206,0.298,0.366,0.466,0.278,0.509,0.32,0.304,0.23,0.29,0.34,0.31,0.478,0.37,0.45,0.254,0.552,0.228,0.358,0.296,0.513,0.198,0.322,0.216,0.197
1937,0.21,0.328,0.358,0.214,0.42,0.198,0.29,0.184,0.958,0.246,0.17,0.256,0.18,0.426,0.188,0.296,0.54,0.234,0.298,0.174,0.944,0.262,0.198,0.524,0.46,0.344,0.264,NA,0.384,0.326,0.484,0.524,0.216,0.206,0.33,0.138,0.294,0.302,0.484,0.236,0.53,0.354,0.23,0.17,0.252,0.318,0.274,0.365,0.324,0.348,0.248,0.45,0.226,0.344,0.312,0.401,0.178,0.324,0.142,0.223
1938,0.32,0.336,0.328,0.2,0.362,0.122,0.282,0.194,0.802,0.178,0.144,0.214,0.108,0.464,0.142,0.278,0.542,0.252,0.286,0.164,0.662,0.27,0.16,0.42,0.44,0.36,0.248,NA,0.296,0.461,0.398,0.378,0.214,0.256,0.308,0.186,0.306,0.292,0.397,0.206,0.591,0.348,0.214,0.182,0.23,0.316,0.302,0.353,0.28,0.34,0.274,0.508,0.176,0.274,0.298,0.548,0.192,0.296,0.122,0.213
1939,0.372,0.306,0.292,0.206,0.46,0.178,0.3,0.278,0.87,0.226,0.156,0.328,0.17,0.404,0.12,0.278,0.612,0.362,0.346,0.138,0.646,0.342,0.234,0.518,0.36,0.466,0.266,NA,0.29,0.531,0.59,0.512,0.292,0.3,0.368,0.254,0.446,0.238,0.391,0.3,0.526,0.38,0.282,0.184,0.284,0.33,0.262,0.313,0.308,0.41,0.328,0.666,0.156,0.298,0.292,0.417,0.326,0.311,0.106,0.248
1940,0.088,0.396,0.32,0.284,0.382,0.182,0.32,0.236,0.578,0.306,0.138,0.228,0.162,0.288,0.132,0.224,0.492,0.228,0.266,0.164,0.69,0.256,0.152,0.474,0.292,0.444,0.276,NA,0.264,0.47,0.494,0.444,0.294,0.298,0.326,0.196,0.318,0.222,0.445,0.27,0.571,0.366,0.244,0.172,0.218,0.342,0.278,0.343,0.308,0.358,0.22,0.606,0.15,0.294,0.322,0.343,0.346,0.384,0.128,0.209
1941,0.202,0.366,0.306,0.22,0.342,0.172,0.39,0.236,0.896,0.314,0.14,0.18,0.124,0.246,0.162,0.246,0.518,0.302,0.35,0.17,0.63,0.334,0.224,0.458,0.396,0.392,0.264,NA,0.232,0.559,0.524,0.37,0.236,0.254,0.254,0.166,0.404,0.23,0.391,0.304,0.433,0.28,0.212,0.172,0.22,0.37,0.242,0.265,0.32,0.342,0.238,0.504,0.2,0.266,0.272,0.338,0.318,0.415,0.162,0.276
1942,0.134,0.534,0.46,0.222,0.366,0.226,0.422,0.226,0.818,0.346,0.204,0.242,0.142,0.294,0.172,0.31,0.668,0.282,0.464,0.302,0.53,0.468,0.268,0.744,0.382,0.492,0.372,NA,0.346,0.583,0.76,0.374,0.246,0.338,0.276,0.176,0.386,0.204,0.356,0.298,0.452,0.314,0.306,0.162,0.226,0.39,0.382,0.333,0.36,0.414,0.352,0.69,0.214,0.246,0.282,0.317,0.388,0.525,0.152,0.311
1943,0.126,0.456,0.33,0.26,0.316,0.176,0.352,0.25,0.624,0.358,0.2,0.34,0.136,0.284,0.18,0.326,0.618,0.256,0.35,0.232,0.856,0.484,0.308,0.554,0.348,0.464,0.358,NA,0.298,0.465,0.706,0.49,0.308,0.29,0.222,0.168,0.29,0.19,0.384,0.306,0.335,0.252,0.248,0.164,0.228,0.38,0.35,0.271,0.242,0.408,0.34,0.674,0.226,0.444,0.33,0.335,0.38,0.444,0.154,0.218
1944,0.106,0.31,0.526,0.314,0.36,0.17,0.436,0.37,0.886,0.404,0.198,0.33,0.16,0.314,0.288,0.394,0.512,0.314,0.352,0.292,0.444,0.44,0.35,0.478,0.562,0.552,0.466,NA,0.318,0.389,0.678,0.446,0.346,0.422,0.342,0.296,0.35,0.28,0.366,0.374,0.41,0.284,0.404,0.204,0.284,0.526,0.33,0.386,0.304,0.456,0.458,0.66,0.229,0.304,0.392,0.351,0.454,0.409,0.172,0.361
1945,0.16,0.516,0.404,0.318,0.374,0.206,0.452,0.332,1.042,0.338,0.216,0.326,0.198,0.314,0.154,0.454,0.542,0.294,0.464,0.398,0.628,0.406,0.308,0.41,0.542,0.568,0.612,NA,0.384,0.332,0.72,0.536,0.31,0.324,0.33,0.28,0.32,0.244,0.431,0.332,0.42,0.232,0.398,0.15,0.272,0.428,0.35,0.33,0.326,0.468,0.408,0.574,0.25,0.306,0.376,0.258,0.408,0.398,0.168,0.364
1946,0.376,0.354,0.31,0.276,0.344,0.19,0.508,0.246,0.974,0.304,0.174,0.278,0.186,0.32,0.17,0.402,0.384,0.242,0.318,0.342,0.52,0.284,0.338,0.354,0.638,0.42,0.394,NA,0.274,0.315,0.5,0.486,0.316,0.28,0.318,0.292,0.294,0.212,0.415,0.26,0.408,0.286,0.508,0.132,0.22,0.43,0.234,0.433,0.25,0.412,0.322,0.532,0.233,0.258,0.36,0.29,0.358,0.444,0.218,0.29
1947,0.576,0.424,0.312,0.25,0.272,0.206,0.404,0.256,0.89,0.272,0.152,0.262,0.194,0.306,0.166,0.38,0.472,0.246,0.442,0.36,0.56,0.296,0.338,0.412,0.512,0.42,0.496,NA,0.342,0.338,0.488,0.386,0.306,0.286,0.342,0.252,0.332,0.276,0.315,0.246,0.321,0.266,0.43,0.148,0.274,0.366,0.242,0.292,0.25,0.384,0.276,0.652,0.2,0.24,0.362,0.334,0.312,0.303,0.24,0.283
1948,0.486,0.348,0.396,0.24,0.324,0.216,0.3,0.222,0.85,0.276,0.192,0.194,0.142,0.348,0.224,0.472,0.492,0.304,0.43,0.31,0.45,0.376,0.374,0.328,0.388,0.396,0.472,NA,0.276,0.346,0.528,0.416,0.23,0.34,0.318,0.274,0.346,0.226,0.372,0.312,0.334,0.292,0.36,0.136,0.21,0.394,0.262,0.453,0.316,0.472,0.35,0.392,0.276,0.214,0.41,0.379,0.386,0.45,0.252,0.272
1949,0.47,0.31,0.262,0.248,0.216,0.188,0.25,0.228,0.724,0.198,0.142,0.234,0.158,0.268,0.216,0.326,0.438,0.314,0.312,0.384,0.362,0.314,0.232,0.43,0.396,0.344,0.354,NA,0.35,0.262,0.408,0.322,0.206,0.238,0.23,0.174,0.276,0.25,0.407,0.2,0.274,0.34,0.238,0.094,0.21,0.366,0.222,0.309,0.202,0.276,0.228,0.482,0.255,0.23,0.332,0.359,0.33,0.344,0.198,0.286
1950,0.576,0.464,0.268,0.252,0.286,0.2,0.326,0.308,0.902,0.272,0.164,0.268,0.132,0.348,0.284,0.386,0.604,0.336,0.476,0.432,0.35,0.49,0.282,0.446,0.428,0.416,0.546,NA,0.456,0.386,0.632,0.364,0.234,0.264,0.342,0.256,0.41,0.344,0.228,0.348,0.269,0.38,0.376,0.128,0.252,0.39,0.312,0.402,0.25,0.364,0.364,0.446,0.265,0.158,0.494,0.399,0.396,0.452,0.33,0.393
1951,0.682,0.35,0.328,0.252,0.304,0.256,0.292,0.226,0.788,0.226,0.208,0.242,0.154,0.238,0.232,0.428,0.532,0.332,0.422,0.404,0.304,0.422,0.25,0.396,0.284,0.454,0.5,NA,0.444,0.37,0.494,0.348,0.238,0.25,0.274,0.232,0.402,0.33,0.357,0.282,0.304,0.378,0.372,0.12,0.216,0.424,0.444,0.466,0.24,0.304,0.332,0.348,0.271,0.236,0.492,0.365,0.392,0.438,0.28,0.382
1952,1.07,0.324,0.252,0.28,0.302,0.244,0.402,0.23,0.736,0.316,0.184,0.218,0.146,0.324,0.218,0.372,0.368,0.284,0.306,0.294,0.376,0.372,0.226,0.36,0.386,0.386,0.398,NA,0.262,0.313,0.478,0.318,0.29,0.242,0.342,0.248,0.316,0.204,0.324,0.258,0.261,0.36,0.238,0.118,0.168,0.378,0.252,0.399,0.27,0.186,0.258,0.34,0.289,0.284,0.402,0.309,0.356,0.391,0.226,0.26
1953,0.874,0.502,0.316,0.318,0.292,0.256,0.43,0.296,0.686,0.284,0.222,0.244,0.212,0.288,0.222,0.46,0.458,0.358,0.422,0.39,0.37,0.426,0.26,0.474,0.33,0.534,0.48,NA,0.364,0.431,0.496,0.396,0.29,0.236,0.314,0.298,0.3,0.236,0.341,0.27,0.24,0.41,0.284,0.18,0.254,0.444,0.306,0.39,0.232,0.278,0.28,0.262,0.301,0.17,0.392,0.284,0.406,0.349,0.258,0.251
1954,1.054,0.34,0.23,0.258,0.266,0.286,0.348,0.346,0.702,0.246,0.15,0.248,0.14,0.31,0.206,0.358,0.368,0.36,0.374,0.326,0.384,0.432,0.298,0.434,0.306,0.338,0.388,NA,0.274,0.348,0.48,0.334,0.222,0.248,0.24,0.308,0.268,0.25,0.429,0.31,0.235,0.372,0.214,0.138,0.206,0.472,0.284,0.311,0.26,0.246,0.27,0.394,0.293,0.196,0.394,0.294,0.454,0.332,0.252,0.319
1955,1.294,0.382,0.376,0.326,0.256,0.336,0.364,0.43,0.652,0.262,0.178,0.34,0.206,0.296,0.258,0.452,0.466,0.402,0.504,0.736,0.55,0.496,0.276,0.398,0.5,0.382,0.358,NA,0.414,0.329,0.574,0.392,0.19,0.268,0.328,0.316,0.268,0.276,0.317,0.38,0.291,0.496,0.314,0.138,0.28,0.448,0.352,0.446,0.322,0.306,0.288,0.346,0.374,0.2,0.37,0.235,0.394,0.33,0.242,0.366
1956,1.374,0.362,0.254,0.242,0.202,0.286,0.348,0.3,0.538,0.224,0.156,0.266,0.248,0.356,0.254,0.484,0.416,0.33,0.466,0.56,0.54,0.488,0.296,0.436,0.418,0.374,0.416,NA,0.434,0.291,0.552,0.316,0.154,0.276,0.324,0.244,0.242,0.24,0.481,0.312,0.269,0.488,0.26,0.128,0.262,0.462,0.316,0.419,0.332,0.336,0.318,0.44,0.269,0.182,0.372,0.399,0.31,0.286,0.204,0.266
1957,1.396,0.26,0.268,0.272,0.222,0.264,0.372,0.31,0.584,0.168,0.16,0.296,0.142,0.272,0.242,0.456,0.39,0.344,0.368,0.424,0.526,0.358,0.208,0.366,0.392,0.376,0.292,NA,0.246,0.225,0.348,0.356,0.168,0.212,0.292,0.328,0.26,0.216,0.393,0.184,0.205,0.47,0.254,0.128,0.22,0.484,0.226,0.366,0.268,0.376,0.496,0.442,0.34,0.2,0.394,0.278,0.348,0.302,0.214,0.271
1958,1.458,0.264,0.394,0.278,0.24,0.266,0.33,0.23,0.6,0.226,0.166,0.278,0.172,0.272,0.224,0.398,0.372,0.27,0.34,0.48,0.51,0.434,0.142,0.306,0.324,0.394,0.372,NA,0.246,0.196,0.286,0.336,0.148,0.25,0.246,0.248,0.276,0.158,0.331,0.166,0.203,0.428,0.332,0.112,0.23,0.412,0.184,0.332,0.224,0.326,0.376,0.34,0.228,0.168,0.318,0.363,0.248,0.351,0.13,0.257
1959,1.04,0.272,0.338,0.314,0.186,0.216,0.302,0.306,0.494,0.166,0.236,0.262,0.224,0.27,0.292,0.474,0.362,0.252,0.31,0.356,0.424,0.384,0.202,0.344,0.236,0.47,0.338,NA,0.238,0.226,0.362,0.258,0.17,0.258,0.236,0.27,0.226,0.112,0.335,0.206,0.188,0.394,0.266,0.148,0.304,0.378,0.244,0.371,0.176,0.34,0.384,0.35,0.187,0.138,0.318,0.277,0.326,0.295,0.19,0.234
1960,1.136,0.23,0.318,0.286,0.16,0.184,0.342,0.534,0.62,0.156,0.172,0.248,0.166,0.242,0.196,0.406,0.308,0.252,0.326,0.47,0.442,0.408,0.264,0.342,0.176,0.404,0.358,NA,0.204,0.232,0.476,0.316,0.112,0.268,0.216,0.314,0.258,0.126,0.44,0.24,0.249,0.346,0.304,0.114,0.2,0.406,0.244,0.423,0.142,0.296,0.432,0.29,0.206,0.174,0.268,0.319,0.256,0.37,0.27,0.208
1961,1.164,0.21,0.238,0.22,0.17,0.156,0.29,0.348,0.588,0.122,0.152,0.2,0.126,0.238,0.194,0.326,0.168,0.186,0.21,0.288,0.326,0.284,0.23,0.232,0.154,0.246,0.256,NA,0.15,0.215,0.31,0.202,0.088,0.198,0.168,0.258,0.204,0.09,0.292,0.352,0.175,0.286,0.23,0.132,0.256,0.27,0.198,0.312,0.14,0.25,0.276,0.266,0.175,0.14,0.222,0.346,0.218,0.26,0.202,0.177
1962,0.876,0.248,0.218,0.294,0.184,0.162,0.306,0.328,0.562,0.158,0.142,0.282,0.188,0.222,0.206,0.396,0.226,0.24,0.312,0.338,0.34,0.362,0.258,0.26,0.18,0.282,0.354,0.554,0.244,0.315,0.376,0.242,0.092,0.182,0.212,0.326,0.274,0.146,0.297,0.642,0.189,0.348,0.288,0.164,0.302,0.344,0.26,0.456,0.138,0.374,0.306,0.252,0.179,0.1,0.274,0.26,0.346,0.162,0.242,0.212
1963,1.166,0.22,0.286,0.274,0.196,0.132,0.234,0.362,0.516,0.152,0.122,0.284,0.15,0.232,0.144,0.292,0.216,0.278,0.268,0.472,0.458,0.428,0.214,0.28,0.256,0.378,0.36,0.863,0.304,0.29,0.324,0.244,0.098,0.17,0.176,0.306,0.318,0.15,0.296,0.418,0.236,0.264,0.264,0.108,0.356,0.344,0.264,0.383,0.134,0.274,0.196,0.248,0.179,0.164,0.316,0.32,0.346,0.31,0.294,0.28
1964,0.864,0.076,0.218,0.148,0.13,0.054,0.276,0.228,0.41,0.1,0.086,0.172,0.132,0.168,0.128,0.308,0.238,0.21,0.228,0.262,0.46,0.354,0.24,0.21,0.194,0.172,0.316,0.788,0.198,0.279,0.236,0.186,0.064,0.156,0.128,0.288,0.246,0.112,0.233,0.386,0.145,0.208,0.16,0.136,0.154,0.282,0.144,0.224,0.096,0.11,0.16,0.318,0.151,0.136,0.208,0.327,0.232,0.282,0.204,0.188
1965,0.194,0.162,0.276,0.246,0.284,0.12,0.262,0.29,0.402,0.176,0.128,0.26,0.162,0.194,0.22,0.458,0.346,0.284,0.254,0.412,0.462,0.494,0.324,0.254,0.26,0.428,0.396,0.771,0.306,0.34,0.322,0.214,0.09,0.2,0.206,0.464,0.332,0.172,0.198,0.432,0.173,0.312,0.26,0.21,0.316,0.386,0.254,0.426,0.156,0.246,0.308,0.29,0.176,0.082,0.362,0.322,0.452,0.206,0.334,0.353
1966,0.054,0.138,0.282,0.26,0.208,0.098,0.232,0.322,0.364,0.128,0.136,0.244,0.198,0.204,0.178,0.39,0.312,0.278,0.264,0.316,0.492,0.392,0.234,0.29,0.1,0.376,0.314,0.897,0.252,0.297,0.26,0.29,0.062,0.206,0.16,0.416,0.33,0.132,0.31,0.276,0.156,0.25,0.14,0.138,0.254,0.276,0.192,0.27,0.132,0.212,0.238,0.234,0.159,0.154,0.336,0.361,0.266,0.314,0.286,0.327
1967,0.08,0.132,0.258,0.244,0.202,0.072,0.308,0.434,0.38,0.114,0.17,0.188,0.194,0.138,0.244,0.352,0.222,0.258,0.208,0.248,0.412,0.28,0.22,0.24,0.23,0.304,0.326,0.707,0.208,0.274,0.282,0.214,0.062,0.124,0.118,0.328,0.24,0.122,0.226,0.126,0.155,0.2,0.174,0.122,0.25,0.304,0.18,0.197,0.134,0.18,0.188,0.246,0.128,0.11,0.294,0.409,0.204,0.218,0.144,0.239
1968,0.126,0.148,0.296,0.288,0.262,0.09,0.298,0.256,0.408,0.122,0.13,0.2,0.188,0.184,0.22,0.416,0.232,0.328,0.252,0.276,0.416,0.328,0.24,0.264,0.2,0.312,0.308,0.85,0.278,0.262,0.284,0.252,0.054,0.14,0.138,0.322,0.228,0.128,0.243,0.134,0.141,0.202,0.2,0.134,0.218,0.298,0.166,0.266,0.142,0.202,0.2,0.206,0.149,0.102,0.248,0.332,0.202,0.271,0.192,0.209
1969,0.284,0.132,0.302,0.21,0.288,0.102,0.214,0.304,0.352,0.12,0.092,0.208,0.132,0.222,0.134,0.43,0.244,0.398,0.198,0.318,0.386,0.256,0.24,0.182,0.214,0.26,0.262,0.738,0.202,0.252,0.218,0.196,0.05,0.122,0.136,0.322,0.296,0.14,0.222,0.126,0.145,0.214,0.324,0.14,0.166,0.196,0.096,0.273,0.138,0.188,0.174,0.222,0.135,0.092,0.276,0.334,0.226,0.225,0.152,0.179
1970,0.284,0.158,0.33,0.256,0.23,0.104,0.274,0.416,0.452,0.138,0.1,0.136,0.156,0.226,0.254,0.35,0.258,0.274,0.23,0.196,0.342,0.358,0.296,0.178,0.238,0.248,0.24,0.851,0.26,0.283,0.254,0.18,0.048,0.14,0.138,0.256,0.29,0.124,0.184,0.184,0.132,0.198,0.166,0.112,0.202,0.222,0.172,0.271,0.096,0.16,0.2,0.26,0.133,0.104,0.31,0.335,0.152,0.198,0.21,0.204
1971,0.226,0.174,0.22,0.258,0.188,0.096,0.254,0.304,0.37,0.088,0.086,0.09,0.134,0.202,0.23,0.328,0.186,0.284,0.158,0.18,0.382,0.236,0.3,0.146,0.196,0.264,0.236,0.714,0.192,0.232,0.212,0.18,0.022,0.092,0.148,0.294,0.2,0.09,0.174,0.168,0.145,0.186,0.094,0.076,0.216,0.21,0.166,0.181,0.114,0.096,0.156,0.216,0.128,0.106,0.274,0.314,0.144,0.268,0.104,0.168
1972,0.124,0.156,0.256,0.214,0.244,0.088,0.226,0.444,0.38,0.102,0.09,0.114,0.134,0.132,0.226,0.32,0.188,0.306,0.152,0.186,0.354,0.236,0.246,0.152,0.238,0.186,0.218,0.385,0.254,0.216,0.184,0.234,0.042,0.096,0.098,0.3,0.19,0.146,0.132,0.156,0.183,0.182,0.15,0.114,0.206,0.196,0.13,0.262,0.148,0.14,0.194,0.188,0.151,0.084,0.246,0.265,0.176,0.244,0.108,0.166
1973,0.106,0.176,0.284,0.312,0.34,0.114,0.154,0.422,0.468,0.14,0.136,0.136,0.214,0.196,0.198,0.464,0.238,0.286,0.244,0.214,0.312,0.346,0.354,0.21,0.17,0.312,0.266,0.976,0.3,0.274,0.278,0.236,0.054,0.118,0.172,0.364,0.296,0.132,0.156,0.216,0.151,0.218,0.16,0.096,0.25,0.298,0.21,0.314,0.196,0.192,0.218,0.232,0.174,0.116,0.304,0.303,0.282,0.279,0.174,0.279
1974,0.082,0.216,0.296,0.406,0.334,0.192,0.13,0.364,0.382,0.17,0.144,0.19,0.196,0.116,0.342,0.516,0.212,0.31,0.162,0.304,0.302,0.348,0.45,0.158,0.204,0.278,0.262,0.838,0.286,0.35,0.272,0.286,0.06,0.176,0.14,0.356,0.28,0.162,0.203,0.228,0.128,0.218,0.206,0.096,0.298,0.338,0.282,0.377,0.148,0.178,0.24,0.176,0.193,0.122,0.376,0.244,0.406,0.239,0.142,0.205
1975,0.056,0.204,0.304,0.388,0.4,0.236,0.154,0.41,0.414,0.214,0.156,0.168,0.222,0.098,0.334,0.512,0.244,0.446,0.208,0.31,0.338,0.28,0.414,0.212,0.186,0.336,0.328,0.762,0.342,0.35,0.294,0.31,0.076,0.18,0.2,0.5,0.402,0.206,0.227,0.306,0.104,0.344,0.214,0.132,0.264,0.496,0.336,0.542,0.286,0.308,0.348,0.222,0.209,0.144,0.436,0.233,0.474,0.145,0.232,0.265
1976,0.09,0.198,0.384,0.304,0.378,0.216,0.198,0.38,0.406,0.172,0.148,0.168,0.22,0.134,0.354,0.6,0.222,0.48,0.222,0.334,0.346,0.344,0.47,0.2,0.236,0.328,0.32,0.761,0.366,0.374,0.284,0.282,0.052,0.148,0.158,0.432,0.252,0.166,0.3,0.226,0.052,0.254,0.264,0.11,0.22,0.396,0.344,0.504,0.238,0.344,0.286,0.19,0.21,0.134,0.366,0.247,0.486,0.224,0.16,0.288
1977,0.164,0.19,0.272,0.264,0.258,0.126,0.212,0.396,0.398,0.128,0.122,0.098,0.196,0.132,0.422,0.356,0.23,0.33,0.262,0.274,0.198,0.286,0.336,0.166,0.26,0.256,0.266,0.825,0.404,0.327,0.296,0.216,0.034,0.134,0.144,0.282,0.174,0.132,0.236,0.242,0.115,0.228,0.22,0.064,0.234,0.348,0.364,0.318,0.216,0.202,0.196,0.202,0.265,0.158,0.336,0.192,0.202,0.169,0.148,0.308
1978,0.268,0.21,0.294,0.364,0.368,0.168,0.196,0.348,0.432,0.134,0.134,0.11,0.14,0.086,0.442,0.476,0.222,0.496,0.336,0.234,0.3,0.308,0.414,0.172,0.256,0.348,0.27,0.823,0.316,0.304,0.294,0.22,0.098,0.126,0.206,0.404,0.35,0.172,0.198,0.258,0.079,0.418,0.208,0.104,0.312,0.458,0.434,0.369,0.284,0.242,0.388,0.218,0.314,0.148,0.418,0.25,0.334,0.096,0.258,0.424
1979,0.486,0.186,0.246,0.348,0.264,0.134,0.158,0.386,0.406,0.146,0.13,0.086,0.152,0.096,0.346,0.424,0.202,0.432,0.276,0.194,0.266,0.24,0.446,0.16,0.174,0.312,0.264,0.862,0.224,0.258,0.28,0.198,0.066,0.138,0.198,0.38,0.284,0.112,0.195,0.262,0.048,0.318,0.15,0.104,0.238,0.39,0.39,0.383,0.238,0.226,0.256,0.142,0.208,0.168,0.33,0.221,0.282,0.128,0.19,0.251
1980,0.748,0.16,0.18,0.194,0.23,0.092,0.152,0.214,0.342,0.05,0.052,0.062,0.066,0.072,0.224,0.286,0.106,0.346,0.176,0.132,0.24,0.124,0.26,0.106,0.24,0.186,0.172,0.728,0.254,0.225,0.152,0.168,0.058,0.154,0.14,0.278,0.144,0.078,0.169,0.158,0.056,0.23,0.12,0.056,0.138,0.286,0.142,0.225,0.18,0.184,0.172,0.172,0.185,0.118,0.276,0.156,0.214,0.147,0.084,0.152
1981,0.892,0.156,0.186,0.208,0.248,0.134,0.276,0.222,0.41,0.102,0.078,0.076,0.108,0.078,0.218,0.406,0.128,0.402,0.17,0.152,0.248,0.17,0.256,0.158,0.14,0.242,0.244,0.634,0.268,0.235,0.172,0.176,0.084,0.084,0.156,0.28,0.222,0.086,0.175,0.242,0.078,0.288,0.124,0.084,0.142,0.288,0.162,0.265,0.134,0.214,0.188,0.174,0.163,0.098,0.258,0.252,0.274,0.165,0.13,0.203
1982,0.784,0.128,0.132,0.194,0.23,0.138,0.17,0.314,0.338,0.088,0.042,0.068,0.102,0.068,0.22,0.332,0.128,0.42,0.208,0.116,0.234,0.15,0.244,0.168,0.098,0.278,0.198,0.635,0.218,0.202,0.168,0.16,0.074,0.082,0.17,0.226,0.148,0.08,0.147,0.222,0.063,0.284,0.126,0.066,0.12,0.268,0.178,0.146,0.126,0.156,0.152,0.162,0.235,0.112,0.348,0.24,0.196,0.132,0.138,0.124
1983,0.522,0.166,0.17,0.288,0.222,0.144,0.174,0.346,0.408,0.156,0.104,0.11,0.11,0.022,0.322,0.52,0.17,0.424,0.308,0.174,0.202,0.134,0.302,0.2,0.08,0.314,0.28,0.582,0.194,0.237,0.172,0.196,0.102,0.118,0.212,0.34,0.198,0.122,0.165,0.27,0.038,0.348,0.144,0.142,0.146,0.278,0.226,0.226,0.118,0.166,0.23,0.162,0.203,0.104,0.266,0.181,0.236,0.176,0.176,0.284
1984,0.682,0.166,0.144,0.198,0.246,0.114,0.102,0.316,0.4,0.126,0.054,0.11,0.084,0.046,0.206,0.442,0.122,0.362,0.244,0.162,0.194,0.228,0.294,0.168,0.064,0.294,0.252,0.501,0.174,0.209,0.142,0.246,0.09,0.1,0.184,0.342,0.122,0.126,0.126,0.268,0.049,0.348,0.108,0.176,0.126,0.24,0.218,0.138,0.106,0.122,0.24,0.244,0.169,0.142,0.276,0.216,0.194,0.253,0.122,0.315
1985,0.634,0.172,0.092,0.266,0.242,0.116,0.186,0.378,0.29,0.148,0.08,0.108,0.126,0.04,0.2,0.472,0.162,0.492,0.282,0.186,0.136,0.252,0.302,0.194,0.106,0.292,0.282,0.508,0.248,0.24,0.182,0.152,0.098,0.084,0.19,0.406,0.166,0.138,0.134,0.24,0.066,0.446,0.146,0.226,0.136,0.35,0.244,0.211,0.122,0.224,0.19,0.162,0.155,0.13,0.21,0.17,0.228,0.136,0.138,0.313
1986,0.488,0.174,0.172,0.284,0.322,0.138,0.12,0.456,0.276,0.144,0.122,0.208,0.132,0.066,0.316,0.578,0.134,0.456,0.346,0.19,0.182,0.28,0.434,0.224,0.05,0.26,0.366,0.461,0.352,0.26,0.192,0.22,0.092,0.118,0.164,0.354,0.236,0.142,0.207,0.272,0.053,0.506,0.182,0.29,0.192,0.326,0.232,0.317,0.156,0.162,0.302,0.068,0.158,0.094,0.26,0.222,0.23,0.106,0.146,0.268
1987,0.688,0.198,0.162,0.284,0.238,0.094,0.13,0.354,0.278,0.138,0.128,0.24,0.202,0.052,0.252,0.474,0.164,0.4,0.244,0.21,0.188,0.22,0.232,0.198,0.052,0.306,0.366,0.406,0.314,0.201,0.142,0.184,0.088,0.112,0.174,0.324,0.166,0.164,0.21,0.252,0.072,0.38,0.102,0.192,0.164,0.238,0.214,0.177,0.088,0.172,0.238,0.152,0.11,0.126,0.214,0.169,0.184,0.122,0.11,0.244
1988,0.75,0.126,0.086,0.166,0.146,0.088,0.19,0.232,0.294,0.08,0.094,0.126,0.114,0.052,0.22,0.384,0.096,0.304,0.182,0.128,0.184,0.146,0.212,0.154,0.09,0.116,0.244,0.372,0.214,0.157,0.124,0.176,0.074,0.088,0.05,0.244,0.116,0.088,0.164,0.18,0.061,0.284,0.108,0.13,0.098,0.19,0.132,0.151,0.078,0.148,0.178,0.11,0.115,0.106,0.188,0.147,0.13,0.146,0.09,0.133
1989,0.742,0.178,0.12,0.24,0.21,0.1,0.202,0.346,0.296,0.138,0.132,0.174,0.15,0.076,0.302,0.544,0.15,0.412,0.282,0.176,0.184,0.206,0.312,0.178,0.064,0.262,0.286,0.53,0.392,0.179,0.166,0.292,0.102,0.072,0.134,0.328,0.172,0.12,0.239,0.296,0.044,0.36,0.112,0.186,0.194,0.314,0.238,0.12,0.11,0.144,0.234,0.094,0.137,0.082,0.236,0.193,0.162,0.136,0.092,0.159
1990,0.768,0.142,0.124,0.232,0.258,0.126,0.114,0.504,0.382,0.14,0.106,0.16,0.102,0.09,0.324,0.476,0.166,0.42,0.324,0.172,0.198,0.22,0.398,0.158,0.062,0.266,0.278,0.431,0.38,0.18,0.178,0.182,0.12,0.08,0.178,0.374,0.21,0.158,0.266,0.322,0.046,0.452,0.164,0.216,0.126,0.318,0.268,0.162,0.12,0.182,0.276,0.136,0.168,0.11,0.286,0.215,0.25,0.069,0.124,0.211
1991,0.858,0.146,0.104,0.252,0.348,0.114,0.102,0.46,0.304,0.15,0.128,0.164,0.106,0.08,0.364,0.492,0.186,0.388,0.332,0.21,0.164,0.216,0.44,0.148,0.068,0.226,0.286,0.463,0.36,0.231,0.178,0.258,0.128,0.066,0.178,0.52,0.184,0.17,0.3,0.348,0.076,0.422,0.122,0.27,0.124,0.388,0.288,0.153,0.144,0.204,0.222,0.07,0.225,0.12,0.316,0.281,0.27,0.119,0.104,0.176
1992,0.906,0.088,0.11,0.188,0.214,0.112,0.15,0.278,0.21,0.116,0.08,0.08,0.092,0.06,0.212,0.37,0.152,0.322,0.192,0.162,0.144,0.13,0.244,0.112,0.07,0.11,0.228,0.486,0.33,0.189,0.11,0.168,0.084,0.086,0.164,0.31,0.154,0.122,0.223,0.252,0.052,0.43,0.092,0.186,0.1,0.242,0.146,0.109,0.084,0.13,0.156,0.092,0.156,0.134,0.196,0.324,0.222,0.155,0.086,0.123
1993,0.9,0.056,0.15,0.178,0.246,0.112,0.158,0.29,0.358,0.078,0.122,0.09,0.07,0.052,0.246,0.41,0.128,0.41,0.202,0.156,0.08,0.152,0.224,0.156,0.036,0.124,0.298,0.382,0.284,0.185,0.108,0.214,0.068,0.126,0.13,0.272,0.25,0.134,0.262,0.35,0.047,0.458,0.122,0.264,0.15,0.224,0.19,0.122,0.112,0.156,0.18,0.026,0.138,0.108,0.19,0.272,0.192,0.084,0.1,0.198
1994,0.918,0.132,0.204,0.238,0.276,0.1,0.12,0.382,0.266,0.136,0.158,0.068,0.138,0.046,0.396,0.614,0.176,0.478,0.296,0.272,0.116,0.174,0.378,0.158,0.054,0.264,0.336,0.384,0.422,0.271,0.172,0.306,0.074,0.094,0.204,0.324,0.316,0.154,0.283,0.394,0.061,0.44,0.11,0.314,0.224,0.23,0.242,0.156,0.128,0.174,0.252,0.082,0.199,0.156,0.282,0.316,0.266,0.131,0.148,0.23
1995,1.022,0.14,0.104,0.184,0.192,0.082,0.154,0.374,0.186,0.076,0.092,0.038,0.058,0.05,0.276,0.464,0.102,0.332,0.224,0.188,0.116,0.126,0.262,0.118,0.074,0.206,0.288,0.317,0.272,0.213,0.11,0.228,0.048,0.088,0.148,0.294,0.188,0.102,0.191,0.334,0.069,0.34,0.064,0.148,0.1,0.156,0.16,0.093,0.094,0.118,0.16,0.058,0.174,0.15,0.23,0.23,0.204,0.107,0.112,0.136
1996,1.356,0.132,0.13,0.204,0.24,0.094,0.18,0.454,0.248,0.142,0.122,0.04,0.074,0.052,0.37,0.612,0.094,0.394,0.348,0.18,0.136,0.216,0.354,0.124,0.066,0.2,0.294,0.446,0.278,0.245,0.208,0.252,0.054,0.086,0.172,0.382,0.286,0.178,0.243,0.4,0.057,0.454,0.104,0.178,0.226,0.22,0.216,0.164,0.13,0.184,0.198,0.05,0.245,0.102,0.268,0.149,0.268,0.129,0.136,0.253
1997,1.392,0.18,0.134,0.254,0.284,0.12,0.114,0.384,0.188,0.134,0.118,0.036,0.088,0.062,0.39,0.618,0.162,0.388,0.274,0.274,0.094,0.216,0.464,0.11,0.064,0.256,0.302,0.379,0.408,0.283,0.176,0.324,0.072,0.116,0.262,0.316,0.336,0.168,0.296,0.482,0.048,0.434,0.098,0.224,0.154,0.236,0.244,0.143,0.148,0.26,0.3,0.048,0.226,0.114,0.256,0.146,0.314,0.096,0.146,0.336
1998,1.352,0.12,0.124,0.218,0.238,0.094,0.168,0.366,0.156,0.098,0.06,0.032,0.052,0.058,0.294,0.422,0.076,0.366,0.206,0.282,0.136,0.164,0.428,0.096,0.07,0.292,0.268,0.527,0.3,0.232,0.146,0.216,0.064,0.106,0.224,0.256,0.236,0.182,0.28,0.368,0.021,0.462,0.066,0.188,0.08,0.24,0.138,0.085,0.144,0.27,0.234,0.034,0.195,0.102,0.244,0.117,0.352,0.058,0.09,0.209
1999,1.944,0.196,0.15,0.306,0.2,0.078,0.196,0.422,0.188,0.146,0.066,0.03,0.044,0.056,0.262,0.442,0.09,0.418,0.254,0.226,0.162,0.158,0.342,0.078,0.024,0.258,0.258,0.64,0.316,0.219,0.134,0.254,0.096,0.132,0.164,0.208,0.376,0.108,0.288,0.402,0.048,0.416,0.066,0.156,0.104,0.19,0.198,0.12,0.198,0.24,0.206,0.052,0.183,0.082,0.232,0.15,0.308,0.094,0.118,0.193
2000,1.528,0.206,0.192,0.316,0.258,0.118,0.176,0.47,0.178,0.144,0.086,0.058,0.094,0.062,0.24,0.47,0.106,0.466,0.272,0.204,0.184,0.16,0.488,0.164,0.056,0.34,0.298,0.547,0.288,0.319,0.212,0.246,0.104,0.124,0.19,0.376,0.456,0.128,0.228,0.362,0.041,0.448,0.072,0.18,0.17,0.248,0.22,0.137,0.208,0.25,0.322,0.048,0.225,0.112,0.302,0.145,0.304,0.101,0.22,0.217
2001,0.342,0.18,0.132,0.292,0.296,0.102,0.184,0.348,0.188,0.122,0.062,0.042,0.066,0.038,0.352,0.58,0.124,0.404,0.274,0.162,0.112,0.206,0.424,0.126,0.072,0.268,0.456,0.377,0.346,0.254,0.218,0.32,0.078,0.096,0.162,0.294,0.256,0.142,0.258,0.45,0.048,0.474,0.062,0.196,0.14,0.234,0.212,0.15,0.224,0.172,0.208,0.058,0.205,0.106,0.304,0.131,0.252,0.069,0.22,0.281
2002,1.262,0.192,0.104,0.232,0.222,0.086,0.192,0.254,0.232,0.086,0.094,0.052,0.096,0.048,0.3,0.396,0.104,0.382,0.336,0.142,0.17,0.186,0.356,0.126,0.064,0.224,0.304,0.438,0.284,0.268,0.2,0.242,0.066,0.07,0.142,0.178,0.142,0.2,0.231,0.304,0.048,0.508,0.022,0.15,0.108,0.196,0.264,0.088,0.094,0.15,0.192,0.062,0.164,0.064,0.304,0.144,0.214,0.084,0.172,0.134
2003,1.228,0.186,0.17,0.248,0.322,0.07,0.244,0.274,0.212,0.078,0.042,0.054,0.078,0.078,0.298,0.522,0.12,0.502,0.252,0.142,0.144,0.234,0.434,0.1,0.064,0.32,0.346,0.384,0.206,0.249,0.248,0.276,0.084,0.098,0.238,0.234,0.206,0.24,0.309,0.438,0.055,0.628,0.07,0.202,0.162,0.234,0.316,0.126,0.186,0.248,0.334,0.06,0.215,0.098,0.328,0.185,0.302,0.06,0.164,0.279
2004,1.214,0.198,0.136,0.34,0.286,0.1,0.152,0.342,0.218,0.086,0.124,0.086,0.188,0.056,0.382,0.33,0.15,0.478,0.37,0.236,0.124,0.192,0.356,0.136,0.05,0.386,0.25,0.421,0.25,0.262,0.278,0.236,0.084,0.126,0.164,0.252,0.224,0.234,0.233,0.326,0.056,0.564,0.1,0.206,0.134,0.344,0.334,0.16,0.154,0.216,0.354,0.082,0.156,0.084,0.344,0.104,0.226,0.133,0.216,0.37
2005,1.262,0.136,0.128,0.29,0.298,0.104,0.258,0.294,0.202,0.094,0.064,0.088,0.136,0.076,0.318,0.432,0.11,0.426,0.24,0.146,0.144,0.21,0.438,0.128,0.038,0.288,0.262,0.416,0.256,0.254,0.194,0.31,0.07,0.136,0.146,0.256,0.192,0.208,0.207,0.418,0.056,0.504,0.094,0.278,0.078,0.286,0.298,0.163,0.164,0.192,0.234,0.078,0.139,0.062,0.324,0.127,0.276,0.121,0.184,0.452
2006,1.49,0.15,0.106,0.396,0.29,0.152,0.234,0.344,0.24,0.128,0.106,0.116,0.128,0.046,0.382,0.464,0.108,0.472,0.35,0.182,0.126,0.312,0.456,0.152,0.068,0.322,0.306,0.295,0.314,0.301,0.292,0.246,0.09,0.098,0.186,0.252,0.13,0.298,0.322,0.54,0.069,0.624,0.126,0.39,0.166,0.362,0.382,0.171,0.194,0.266,0.22,0.142,0.174,0.092,0.448,0.177,0.342,0.109,0.148,0.424
2007,0.988,0.124,0.096,0.416,0.296,0.116,0.288,0.184,0.254,0.098,0.09,0.096,0.118,0.052,0.53,0.384,0.102,0.462,0.278,0.142,0.168,0.356,0.414,0.122,0.058,0.326,0.27,0.542,0.272,0.22,0.202,0.278,0.07,0.148,0.154,0.258,0.088,0.182,0.253,0.43,0.046,0.554,0.08,0.258,0.102,0.338,0.296,0.153,0.212,0.26,0.174,0.132,0.191,0.108,0.29,0.214,0.314,0.083,0.094,0.296
2008,0.872,0.144,0.152,0.392,0.34,0.144,0.266,0.194,0.182,0.114,0.058,0.07,0.166,0.05,0.806,0.48,0.108,0.476,0.328,0.102,0.096,0.338,0.408,0.11,0.066,0.344,0.244,0.461,0.254,0.205,0.192,0.292,0.082,0.146,0.184,0.282,0.118,0.242,0.241,0.488,0.037,0.628,0.098,0.228,0.124,0.334,0.296,0.188,0.186,0.226,0.26,0.078,0.206,0.062,0.358,0.093,0.318,0.111,0.112,0.205
2009,0.472,0.164,0.148,0.332,0.316,0.162,0.202,0.116,0.188,0.106,0.108,0.052,0.136,0.046,0.222,0.446,0.146,0.436,0.258,0.116,0.156,0.26,0.378,0.098,0.042,0.314,0.2,0.283,0.206,0.201,0.178,0.258,0.108,0.164,0.206,0.286,0.108,0.192,0.206,0.4,0.059,0.564,0.076,0.238,0.096,0.316,0.244,0.996,0.172,0.21,0.374,0.126,0.184,0.076,0.286,0.108,0.266,0.111,0.13,0.362
2010,0.786,0.172,0.146,0.362,0.298,0.144,0.258,0.12,0.202,0.118,0.144,0.05,0.092,0.048,0.304,0.436,0.11,0.434,0.188,0.18,0.104,0.354,0.408,0.114,0.038,0.36,0.236,0.335,0.25,0.184,0.19,0.316,0.112,0.15,0.236,0.35,0.11,0.198,0.213,0.412,0.049,0.586,0.104,0.29,0.1,0.336,0.288,0.185,0.184,0.248,0.356,0.068,0.168,0.082,0.338,0.176,0.254,0.114,0.153870929,0.198
2011,0.974,0.18,0.104,0.344,0.264,0.138,0.196,0.132,0.224,0.126,0.134,0.054,0.102,0.056,0.22,0.47,0.152,0.394,0.276,0.154,0.1,0.288,0.394,0.13,0.04,0.406,0.264,0.239,0.248,0.234,0.17,0.26,0.118,0.136,0.238,0.268,0.118,0.214,0.154,0.422,0.028,0.468,0.104,0.276,0.144,0.264,0.25,0.109,0.21,0.224,0.374,0.048,0.26,0.078,0.426,0.088,0.29,0.148,0.117491704,0
2012,1.098,0.218,0.13,0.412,0.282,0.161724831,0.242,0.21,0.19,0.194,0.124,0.032,0.144,0.044,0.22,0.37,0.114,0.452,0.306,0.13,0.118,0.288,0.554,0.14,0.026,0.524,0.286,0.312,0.28,0.24,0.154,0.346,0.094,0.128,0.214,0.176,0.166,0.27,0.228,0.36,0.06,0.48,0.106,0.27,0.202,0.34,0.324,0.123,0.188,0.236,0.27,0.064,0.212,0.102,0.482,0.168,0.278,0.13,0.092071738,0
2013,0.788,0.196,0.104,0.346,0.274,0.155046757,0.224,0.158,0.374,0.19,0.143882053,0.032,0.138,0.042,0.242,0.4,0.138,0.398,0.312,0.178,0.192,0.284,0.478,0.096,0.03,0.398,0.264,0.341,0.266,0.221,0.136,0.296,0.128,0.154,0.234,0.18,0.112,0.216,0.183,0.384,0.06,0.49,0.118,0.164,0.226,0.212,0.280270091,0.037738298,0.198,0.266,0.23,0.048,0.142,0.092,0.442,0.172,0.198,0.077,0.10308169,0
2014,1.158,0.192,0.12,0.342,0.284,0.139294966,0.178,0.11,0.29,0.132,0.13053231,0.033,0.098,0.028,0.21,0.388,0.116,0.32,0.284,0.156,0.14,0.23,0.536,0.116,0.032,0.418,0.294,0.193,0.276,0.245,0.144,0.328,0.056,0.084,0.184,0.13,0.126,0.188,0.161,0.25,0.043,0.452,0.094,0.142,0.19,0.194,0.247376645,0.143651425,0.206,0.202,0.226,0.054,0.200602145,0.07,0.458,0.158,0.162,0.092,0.123955362,0
2015,0.99,0.124,0.076,0.242,0.224,0.138,0.232,0.102,0.224,0.088,0.124,0.034,0.08,0.024,0.206,0.286,0.088,0.46,0.218,0.116,0.192,0.142,0.376,0.09,0,0.262,0.258,0.187,0.254,0.137,0.086,0.306,0.072,0.084,0.156,0.128,0.082,0.184,0.138,0.27,0.054,0.422,0.086,0.116,0.104,0.132,0.324,0.123,0.132,0.122,0.106,0.042,0.142,0.066,0.332,0.139,0.132,0.056,0.13,0
