Year,B01,B02,B03,B04,B05,B06,B07,B08,B09,B10,B11,B12,B13,B14,B15,B16,B17,B18,B19,B20,B21,B22,B23,B24,B25,B26,B27,B28,B29,B30,B31,B32,B33
1896,NA,NA,NA,NA,NA,NA,NA,NA,NA,NA,NA,NA,NA,NA,1.8595198496856,NA,NA,NA,NA,NA,NA,NA,NA,NA,NA,NA,NA,NA,NA,NA,NA,NA,NA
1897,NA,NA,NA,NA,NA,NA,NA,NA,NA,NA,NA,NA,NA,NA,2.09044785213072,NA,NA,NA,NA,NA,NA,NA,NA,NA,NA,NA,NA,NA,NA,NA,NA,NA,NA
1898,NA,NA,NA,NA,NA,NA,1.75568390146296,NA,NA,NA,NA,NA,NA,NA,2.38706385527136,NA,NA,NA,NA,NA,NA,NA,NA,NA,NA,NA,NA,NA,NA,NA,NA,NA,NA
1899,NA,NA,NA,NA,NA,NA,1.90378790303112,NA,NA,NA,NA,NA,NA,NA,2.70571185864528,NA,NA,NA,NA,NA,NA,NA,NA,NA,NA,NA,NA,NA,NA,NA,NA,NA,NA
1900,NA,NA,NA,NA,NA,NA,2.06902790478072,NA,NA,NA,NA,NA,NA,NA,3.17368786360032,NA,NA,NA,NA,NA,NA,NA,NA,NA,NA,NA,NA,NA,NA,NA,NA,NA,NA
1901,NA,NA,NA,NA,NA,NA,2.2328399065152,NA,NA,NA,NA,NA,NA,NA,3.6190198683156,NA,NA,NA,NA,NA,NA,NA,NA,NA,NA,NA,NA,NA,NA,NA,NA,NA,NA
1902,NA,NA,NA,NA,NA,NA,2.34442790769672,NA,NA,NA,NA,NA,NA,NA,4.1545198739856,NA,NA,NA,NA,NA,NA,NA,NA,NA,NA,NA,NA,NA,NA,NA,NA,NA,NA
1903,NA,NA,NA,NA,NA,NA,2.45234390883936,NA,NA,NA,NA,NA,NA,NA,4.39360787651712,NA,NA,NA,NA,NA,NA,NA,NA,NA,NA,NA,NA,NA,NA,NA,NA,NA,NA
1904,NA,NA,NA,NA,NA,NA,2.5480199098524,NA,NA,NA,NA,NA,NA,NA,4.59577187865768,NA,NA,NA,NA,NA,NA,NA,NA,NA,NA,NA,NA,NA,NA,NA,NA,NA,NA
1905,NA,NA,NA,NA,1.05820793043072,NA,2.60269191043128,NA,NA,NA,NA,NA,NA,NA,4.83751188121728,NA,NA,NA,NA,NA,NA,NA,NA,NA,NA,NA,NA,2.10615592500264,NA,NA,NA,NA,NA
1906,NA,NA,NA,NA,1.19815193191248,NA,2.67796791122832,NA,NA,NA,NA,NA,NA,NA,5.04212388338376,NA,NA,NA,2.954999918568,NA,NA,NA,NA,NA,NA,NA,NA,2.20407592603944,NA,NA,NA,NA,NA
1907,NA,6.06661189643448,NA,NA,1.31973593319984,NA,2.7815999123256,NA,NA,NA,NA,NA,NA,NA,5.21205588518304,NA,NA,NA,3.14329192056168,NA,NA,NA,NA,NA,NA,NA,NA,2.29077592695744,NA,NA,NA,NA,NA
1908,NA,6.18207589765704,NA,NA,1.42336793429712,NA,2.86299591318744,NA,NA,NA,NA,NA,NA,NA,5.29304388604056,NA,NA,NA,3.23366392151856,NA,NA,NA,NA,2.0308799319168,NA,NA,NA,2.34789592756224,NA,NA,NA,NA,NA
1909,NA,6.37934389974576,NA,NA,1.48864793498832,NA,2.9509199141184,NA,NA,NA,NA,NA,NA,NA,5.37260388688296,NA,NA,NA,3.33321592257264,NA,NA,NA,NA,2.11982393285856,NA,NA,NA,2.40481192816488,NA,NA,NA,NA,NA
1910,NA,6.570899901774,NA,NA,1.5779999359344,NA,3.01130391475776,NA,NA,NA,NA,NA,NA,NA,5.4407398876044,NA,NA,NA,3.42929992359,NA,NA,NA,NA,2.19530393365776,NA,NA,NA,2.46784792883232,NA,NA,NA,NA,NA
1911,NA,6.76000790377632,NA,NA,1.65266393672496,NA,3.09290391562176,NA,1.91786394393936,NA,NA,NA,NA,NA,5.50316388826536,NA,NA,NA,3.5302799246592,NA,NA,NA,NA,2.26996793444832,NA,NA,NA,2.52986392948896,NA,NA,NA,NA,NA
1912,NA,6.82630790447832,NA,NA,1.72936793753712,NA,3.14492391617256,NA,1.97029194449448,NA,NA,NA,NA,NA,5.62005588950304,NA,NA,NA,3.61269592553184,NA,NA,NA,NA,2.3409599352,NA,NA,NA,2.56780792989072,NA,2.03944793090592,NA,NA,NA
1913,NA,6.89750390523216,NA,NA,1.80076793829312,NA,3.21142791687672,1.53393593656944,2.041079945244,NA,NA,NA,NA,NA,5.76856789107552,NA,NA,NA,3.6934799263872,NA,NA,NA,NA,2.41807193601648,NA,NA,NA,2.6520599307828,NA,2.28751193353248,NA,NA,NA
1914,NA,6.95074790579592,NA,NA,1.886039939196,NA,3.27140391751176,1.64205593771424,2.1104399459784,NA,NA,NA,NA,NA,5.90545189252488,NA,NA,NA,3.78589192736568,NA,NA,NA,NA,2.48539193672928,NA,NA,NA,2.72937593160144,NA,2.54251193623248,NA,NA,NA
1915,1.59717593393424,6.99501590626464,NA,NA,1.94968793986992,NA,3.30567591787464,1.7228399385696,2.173679946648,NA,NA,NA,NA,NA,6.03907189393968,NA,NA,NA,3.8607599281584,NA,3.38768391213336,NA,NA,2.54128793732112,NA,NA,NA,2.77262393205936,NA,2.85422393953296,NA,NA,0.553922533466415
1916,1.69244393494296,7.12659590765784,NA,NA,1.98232794021552,NA,3.36993591855504,1.81749593957184,2.25956394755736,NA,NA,NA,NA,NA,6.141479895024,NA,NA,NA,3.96622792927512,NA,3.49580391327816,NA,NA,2.65063193847888,NA,NA,NA,2.86666793305512,NA,3.0855599419824,NA,NA,0.670202534697615
1917,1.82769593637504,7.30815590958024,NA,NA,2.02516794066912,NA,3.48274791974952,1.92316794069072,2.38196394885336,NA,NA,NA,NA,NA,6.33589189708248,NA,NA,NA,4.1188199308908,NA,3.68205591525024,NA,NA,2.77915193983968,NA,NA,NA,2.97784793423232,NA,3.2548799437752,NA,NA,0.836870536462335
1918,1.8972599371116,7.44789591105984,NA,NA,2.08718394132576,NA,3.58046392078416,2.0125199416368,2.47906794988152,NA,NA,NA,NA,NA,6.5331598991712,NA,NA,NA,4.2483599322624,NA,3.83485191686808,NA,NA,2.86238394072096,NA,NA,NA,3.05414393504016,1.64997351108563,3.39890394530016,NA,NA,0.927038537417055
1919,1.9594799377704,7.55540391219816,NA,NA,2.14267194191328,NA,3.66471592167624,2.17286394333456,2.5806599509572,NA,2.3266799064072,NA,NA,NA,6.74450390140896,NA,NA,NA,4.38646793372472,NA,3.89931591755064,NA,NA,2.95663194171888,NA,NA,NA,3.12819593582424,1.70913351171203,3.47438394609936,NA,NA,1.06739053890314
1920,2.0471999386992,7.6184399128656,NA,NA,2.21366394266496,NA,3.78283192292688,2.28302394450096,2.6908199521236,NA,2.45683190778528,NA,NA,NA,6.921779903286,NA,NA,NA,4.51315193506608,NA,3.99478791856152,NA,NA,3.07454394296736,NA,NA,NA,3.19408793652192,1.77645351242483,3.58658394728736,NA,NA,1.19876654029418
1921,2.14858793977272,7.7612399143776,NA,NA,2.26629594322224,NA,3.88075192396368,2.37808794550752,2.79016795317552,1.54949704033026,2.59269590922384,NA,NA,NA,7.03377590447184,NA,NA,NA,4.62147593621304,NA,4.12432791993312,NA,NA,3.20347194433248,NA,NA,NA,3.26589593728224,1.84295751312899,3.72938394879936,NA,NA,1.33585454174569
1922,2.23263594066264,7.89261591576864,NA,1.30688393636856,2.34667194407328,NA,3.99213592514304,2.46866394646656,2.87768395410216,1.6431330413217,2.69469591030384,NA,NA,NA,7.17739190599248,NA,NA,NA,4.77937193788488,NA,4.26855592146024,NA,NA,3.29690394532176,NA,NA,NA,3.34810793815272,1.91170551385691,3.82077594976704,NA,NA,1.47335054320154
1923,2.31729594155904,8.05051191744048,NA,1.390319937252,2.40991194474288,NA,4.09495192623168,2.54169594723984,2.96560795503312,1.75818904253994,2.82974391173376,NA,NA,NA,7.34059190772048,NA,NA,NA,4.90095593917224,NA,4.28834392166976,NA,NA,3.37156794611232,NA,NA,NA,3.42746393899296,1.95984951436667,3.92073595082544,NA,NA,1.57698254429882
1924,2.39338794236472,8.15312391852696,NA,1.46702393806416,2.49355194562848,NA,4.19899192733328,2.62696794814272,3.04618795588632,1.8624330436437,2.92623591275544,NA,NA,NA,7.37547590808984,NA,NA,NA,5.02111194044448,NA,4.34260792224432,NA,NA,3.43562394679056,NA,NA,NA,3.51885593996064,2.02614951506867,4.01212795179312,NA,NA,1.70733854567906
1925,2.45397594300624,8.25369591959184,NA,1.53842393882016,2.56862394642336,NA,4.28365192822968,2.70979194901968,3.11779195664448,1.95974104467402,3.04496391401256,NA,NA,NA,7.39526390829936,NA,NA,NA,5.14126794171672,NA,4.35403192236528,1.02026390689536,NA,3.493559947404,NA,NA,NA,3.5853599406648,2.07510951558707,4.11943195292928,NA,NA,1.8213745468865
1926,2.5184399436888,8.36548792077552,1.18448394058056,1.62206393970576,2.6775599475768,NA,4.3697399291412,2.7877199498448,3.19735195748688,2.04113704553586,3.14920791511632,NA,NA,NA,7.41403190849808,NA,NA,NA,5.26815594306024,NA,4.36504792248192,1.15327190830368,2.27786250260652,3.56577594816864,NA,NA,NA,3.65553594140784,2.13141351618323,4.20225595380624,NA,NA,1.92011054793194
1927,2.5826999443692,8.42464792140192,1.2505799412804,1.6932599404596,2.74528794829392,NA,4.45317593002464,2.86197595063104,3.27099595826664,2.11784104634802,3.2528399162136,NA,NA,NA,7.4399399087724,NA,NA,NA,5.37831594422664,NA,4.38320392267416,1.31647191003168,2.43677850428916,3.64125594896784,NA,NA,NA,3.72469194214008,2.17833351668003,4.30262395486896,NA,NA,2.03251454912209
1928,2.63329194490488,8.45504392172376,1.32850794210552,1.75772394114216,2.79628794883392,NA,4.53436793088432,2.92970395134816,3.35626795916952,2.18924104710402,3.3640199173908,NA,NA,NA,7.44789590885664,1.4790599436996,2.5184399436888,NA,5.4784799452872,NA,4.40197192287288,1.48660791183312,2.56060650560028,3.70735194966768,NA,NA,NA,3.80078394294576,2.26034151754835,4.41319195603968,NA,NA,2.14920255035761
1929,2.6765399453628,8.46973192187928,1.39725594283344,1.82014794180312,2.8325999492184,NA,4.59250793149992,2.98804795196592,3.42685195991688,2.24472904769154,3.45010791830232,NA,NA,NA,7.45585190894088,1.63960794539952,2.6408399449848,NA,5.56966794625272,NA,4.41645592302624,1.62981591334944,2.67382650679908,3.78609595050144,NA,NA,NA,3.86116794358512,2.31521751812939,4.49438395689936,NA,NA,2.25426255147002
1930,2.72590794588552,8.47748392196136,1.47457194365208,1.87522794238632,2.89257594985344,1.15610194124008,4.66329593224944,3.04802395260096,3.48886796057352,2.3010330482877,3.54292791928512,NA,NA,NA,7.4654399090424,1.7687399467668,2.73998394603456,NA,5.6824799474472,NA,4.4299199231688,1.8329999155008,2.76889050780564,3.85341595121424,NA,2.19142793031192,NA,3.93297594434544,2.36948151870395,4.64493595849344,NA,0.62695193357568,2.33321055230594
1931,2.78384394649896,8.49502792214712,1.55209194447288,1.94438394311856,2.93541595030704,1.21403794185352,4.74754793314152,3.11534395331376,3.54476396116536,2.36080504892058,3.64349992035,NA,NA,NA,7.47278390912016,1.91786394834576,2.8754399474688,NA,5.7834599485164,NA,4.45603192344528,2.0247599175312,2.86885050886404,3.92685595199184,NA,2.34340793192112,NA,3.9953999450064,2.44312551948371,4.78732796000112,NA,0.79137593531664,2.43806655341618
1932,2.8407599471016,8.51175592232424,1.60370394501936,2.00374794374712,2.98600795084272,1.26789394242376,4.80303593372904,3.20714395428576,3.59331596167944,2.4142530494865,3.72836392124856,1.68081594693744,NA,NA,7.49359190934048,2.04352794967632,2.95051194826368,NA,5.9119799498772,2.24956794304512,4.48724392377576,2.24752791988992,2.93800650959628,4.00641595283424,NA,2.469479933256,NA,4.0525199456112,2.51901352028723,4.92645596147424,NA,0.98191193733408,2.54475855454586
1933,2.92358394797856,8.52134392242576,1.65715194558528,2.08004394455496,3.02558395126176,1.33317394311496,4.8889199346384,3.29649595523184,3.66716396246136,2.4642330500157,3.83464792237392,1.72651194742128,NA,NA,7.51868390960616,2.17245595104144,3.03007194910608,NA,6.0221399510436,2.4409199450712,4.52824792420992,2.4551999220888,3.03245851059636,4.06965595350384,NA,2.62615193491488,NA,4.12473594637584,2.58286552096331,5.05742396286096,2.49722392914336,1.12042793880072,2.6557345557209
1934,3.00518394884256,8.53256392254456,1.70080794604752,2.14267194521808,3.08719195191408,1.39845394380616,4.96705193546568,3.37972795611312,3.72489596307264,2.51564105056002,3.93460792343232,1.77139194789648,NA,NA,7.55805591002304,2.27853595216464,3.11248794997872,NA,6.1363799522532,2.58086394655296,4.57720792472832,2.67184792438272,3.10957051141284,4.11290395396176,NA,2.76058793633832,NA,4.19266794709512,2.63284552149251,5.17615196411808,2.59065593013264,1.27791594046824,2.76671055689594
1935,3.07352394956616,8.5537799227692,1.74058794646872,2.24181594626784,3.14186395249296,1.45271794438072,5.06680793652192,3.47560795712832,3.7669199635176,2.58418505128578,4.05639592472184,1.82055594841704,NA,NA,7.63190391080496,2.39359195338288,3.19612795086432,NA,6.25714795353192,2.72121594803904,4.66309192563768,2.86809592646064,3.20279851239996,4.16553595451904,NA,2.89053593771424,NA,4.25835594779064,2.68547752204979,5.27937596521104,2.69836793127312,1.41316794190032,2.91175455843169
1936,3.12697195013208,8.58295192307808,1.77281994681,2.31076794699792,3.17980795289472,1.54696594537864,5.15840393749176,3.55312795794912,3.80404796391072,2.64354905191434,4.1616599258364,1.86645594890304,2.7611999429544,NA,7.72390791177912,2.47825195427928,3.26344795157712,3.32709594674304,6.3434399544456,2.83525194924648,4.71184792615392,3.04149592829664,3.26359051304364,4.20470395493376,NA,2.99620793883312,NA,4.323839948484,2.73974152262435,5.41891196668848,2.7917999322624,1.54393194328488,3.0198745595765
1937,3.16736395055976,8.6047799233092,1.81015194720528,2.37849594771504,3.27201595387104,1.61632594611304,5.22062393815056,3.60902395854096,3.84015596429304,2.69924105250402,4.25101192678248,1.90705194933288,2.87870394419856,NA,7.83610791296712,2.55087595504824,3.33484795233312,3.41216394764376,6.42830395534416,2.93990395035456,4.7522399265816,3.24386393043936,3.2994945134238,4.23734395527936,NA,3.06393593955024,NA,4.40054394929616,2.80236952328747,5.51438396769936,2.87911193318688,1.61329194401928,3.10881856051826
1938,3.21754795109112,8.63884792366992,1.84483194757248,2.44214394838896,3.38013595501584,1.69343794692952,5.2775399387532,3.66124795909392,3.87320396464296,2.74228505295978,4.33199992764,1.94683194975408,2.98988394537576,NA,7.9733999144208,2.60493595562064,3.39237595294224,3.49111194847968,6.49664395606776,3.02456395125096,4.85566792767672,3.42542393236176,3.34600651391628,4.2707999556336,NA,3.14023194035808,NA,4.4594999499204,2.85092152380155,5.58904796848992,2.94724793390832,1.67306394465216,3.20061856149026
1939,3.27262795167432,8.67393592404144,1.88236794796992,2.52496794926592,3.48458395612176,1.73015794731832,5.32690793927592,3.71102395962096,3.92583596520024,2.7916530534825,4.4411399287956,1.99885195030488,3.104939946594,NA,8.16352791643392,2.68653595648464,3.44419195349088,3.56965194931128,6.58048795695552,3.13941595246704,5.05885192982808,3.66247193487168,3.3974145144606,4.31119195606128,NA,3.25447194156768,NA,4.5308999506764,2.90130952433507,5.6457599690904,3.01701593464704,1.74160794537792,3.29139856245145
1940,3.3201599521776,8.70433192436328,1.9094999482572,2.58739194992688,3.57352795706352,1.7929899479836,5.39647194001248,3.7689599602344,3.97051196567328,2.84612105405922,4.54232392986696,2.035979950698,3.19041594749904,NA,8.43362391929376,2.76283195729248,3.50824795416912,3.65288395019256,6.64719595766184,3.23713195350168,5.4305399337636,3.83505593669904,3.43841851489476,4.34750395644576,2.91052794563712,3.33566394242736,NA,4.59087595131144,2.93864152473035,5.70002396966496,3.099839935524,1.81912794619872,3.38646256345802
1941,3.37340395274136,8.73166792465272,1.96804794887712,2.68306795093992,3.65839195796208,1.8582699486748,5.47786794087432,3.82444796082192,4.01722796616792,2.89324505455818,4.64065193090808,2.09044795127472,3.2956799486136,NA,8.630279921376,2.8529999582472,3.57067195483008,3.72591595096584,6.7045199582688,3.33158395450176,5.73939593703384,3.99825593842704,3.4841145153786,4.38871195688208,3.01660794676032,3.4048199431596,NA,4.6379999518104,2.98882552526171,5.75428797023952,3.19694393655216,1.88216394686616,3.4686745643285
1942,3.42460795328352,8.77267192508688,2.04781194972168,2.84769595268304,3.73264795874832,1.95333394968136,5.5702799418528,3.88646396147856,4.09087196694768,2.94383705509386,4.75917593216304,2.16796795209552,3.44439595018824,NA,8.90588392429416,2.9682599594676,3.64778395564656,3.8148599519076,6.7738799590032,3.46826395594896,6.09639594081384,4.19572794051792,3.54368251600932,4.4441999574696,3.11738394782736,3.50620794423312,NA,4.69083595236984,3.04268152583195,5.80773597080544,3.2956799375976,1.93214394739536,3.57863056549274
1943,3.45928795365072,8.83570792575432,2.11003195038048,2.94092395367016,3.82240795969872,2.01698195035528,5.64596394265416,3.93909596203584,4.13942396746176,2.97974105547402,4.87178393335536,2.22223195267008,3.55537195136328,NA,9.22820392770696,3.0447599602776,3.69878395618656,3.87340795252752,6.83875195969008,3.56230795694472,6.52744794537792,4.35933594225024,3.58876651648668,4.50458395810896,3.1957199486568,3.61453194538008,NA,4.74224395291416,3.08490952627907,5.84690397122016,3.3731999384184,2.00456394816216,3.65186656626818
1944,3.5190599542836,8.94729592693584,2.15980795090752,3.0437399547588,3.9097199606232,2.08756595110264,5.7191999434296,4.00315196271408,4.2024599681292,3.03318905603994,4.99520393466216,2.29138795340232,3.66145195248648,1.14731344789819,9.47035193027088,3.14002796128632,3.7689599569296,3.96418795348872,6.91382396048496,3.6730799581176,6.76449594788784,4.55599194433248,3.65404651717788,4.56700795876992,3.27568794950352,3.74713194678408,NA,4.82078395374576,3.14345752689899,5.89382397171696,3.46010393933856,2.05658394871296,3.76059856741946
1945,3.58454395497696,9.02175592772424,2.21305195147128,3.1304399556768,3.9831599614008,2.1744699520228,5.7977399442612,4.06516796337072,4.25101196864328,3.08561705659506,5.10679193584368,2.36401195417128,3.74590795338072,1.27726144927411,9.6645599323272,3.221219962146,3.84974395778496,4.04150395430736,7.00052396140296,3.7801799592516,6.94238394977136,4.71511194601728,3.72034651787988,4.6237199593704,3.36177595041504,3.86239194800448,NA,4.89157195449528,3.19384552743251,5.93584797216192,3.52987194007728,2.167559949888,3.88034656868738
1946,3.63901195555368,9.18046792940472,2.26874395206096,3.20265595644144,4.09168796254992,2.27687795310712,5.87138394504096,4.13126396407056,4.30874396925456,3.15048905728194,5.21205593695824,2.43459595491864,3.8148599541108,1.37660945032603,9.85346393432735,3.30016796298192,3.93909595873104,4.14064795535712,7.07457596218704,3.86973596019984,7.13455195180608,4.8419999473608,3.78889051860564,4.69185596009184,3.43072795114512,3.96153594905424,NA,4.96297195525128,3.23872552790771,5.97664797259392,3.62493594108384,2.29934395128336,4.00988657005898
1947,3.68266795601592,9.39793193170728,2.31729595257504,3.28078795726872,4.18185596350464,2.3478699538588,5.95665594594384,4.20592796486112,4.35688796976432,3.19924505779818,5.33221193823048,2.51089195572648,3.87259195472208,1.46412545125267,9.99646793584152,3.37238396374656,4.021919959608,4.21959595619304,7.15352396302296,3.9403199609472,7.30550395361616,4.97541594877344,3.85253851927956,4.75468796075712,3.49233595179744,4.04293194991608,NA,5.03804395604616,3.27666952830947,6.025199973108,3.7179599420688,2.41256395248216,4.12025057122754
1948,3.73407595656024,9.57765593361024,2.35646395298976,3.3476999579772,4.26386396437296,2.3907099543124,6.03050394672576,4.26998396553936,4.41196797034752,3.2414730582453,5.44563593943144,2.59657195663368,3.92930395532256,1.54470545210587,10.1351879373103,3.4476599645436,4.08352796026032,4.29446395698576,7.2114599636364,3.99580796153472,7.44320395507416,5.10189595011264,3.91577851994916,4.79263196115888,3.56944795261392,4.1443199509896,NA,5.11882795690152,3.30094552856651,6.07252797360912,3.81506394309696,2.50558795346712,4.26407057275034
1949,3.7791599570376,9.74983193543328,2.39236795336992,3.40563595859064,4.35770396536656,2.45639795500792,6.08803194733488,4.3401599662824,4.46174397087456,3.27778505862978,5.545799940492,2.69102395763376,3.98295595589064,1.62304145293531,10.2828839388742,3.50906396519376,4.16594396113296,4.36443595772664,7.28673596443344,4.07577596238144,7.57702795649112,5.21083195126608,3.97657052059284,4.8256799615088,3.63921595335264,4.21837195177368,2.13124794179232,5.19165595767264,3.33950152897475,6.12148797412752,3.91624794416832,2.5918799543808,4.37015057387354
1950,3.84811195776768,10.0193159382866,2.43561595382784,3.47336395930776,4.45929596644224,2.51882195566888,6.13597194784248,4.41482396707296,4.51376397142536,3.3210330590877,5.69696394209256,2.7642599584092,4.04313595652784,1.70627345381659,10.4120159402414,3.58189196596488,4.24468796196672,4.4309399584308,7.37894396540976,4.13575196301648,7.71187195791888,5.32425595246704,4.0451145213186,4.86403196191488,3.68817595387104,4.29283195256208,2.21060394263256,5.30038795882392,3.39029752951259,6.15698397450336,4.00111194506688,2.65124395500936,4.49234657516737
1951,3.91420795846752,10.2437159406626,2.4878399543808,3.53415595995144,4.5421199673192,2.57186195623048,6.20737194859848,4.47724796773392,4.56802797199992,3.36713705957586,5.8385399435916,2.82688795907232,4.09556395708296,1.81643345498299,10.5994919422265,3.65553596674464,4.34383196301648,4.5023399591868,7.46584796632992,4.21408796384592,7.91770796009832,5.42829595356864,4.11427052205084,4.90605596235984,3.74203195444128,4.35056395317336,2.329739943894,5.39524795982832,3.44578553010011,6.18717597482304,4.08026394590496,2.74120795596192,4.62351857655626
1952,3.96357595899024,10.4236439425678,2.52700795479552,3.5955599606016,4.60780796801472,2.6151099566884,6.25327194908448,4.52865596827824,4.60862397242976,3.42282906016554,5.95114794478392,2.87809195961448,4.14554395761216,1.87232945557483,10.7802359441402,3.71530796737752,4.43726396400576,4.55884795978512,7.52888396699736,4.29385196469048,8.0733599617464,5.5335599546832,4.16669852260596,4.94726396279616,3.81016795516272,4.41319195383648,2.41582794480552,5.47093196062968,3.49270553059691,6.21328797509952,4.17981594695904,2.81852395678056,4.73796257776802
1953,4.0331399597268,10.6045919444837,2.56576795520592,3.67471196143968,4.67757596875344,2.6559099571204,6.308759949672,4.5747599687664,4.65901197296328,3.48464106082002,6.0751799460972,2.93480396021496,4.22224795842432,1.95678545646907,10.8722399451144,3.78691196813568,4.53844796507712,4.62657596050224,7.61456396790456,4.36790396547456,8.18474396292576,5.64657595587984,4.21361852310276,4.99989596335344,3.8872799559792,4.4972399547264,2.51782794588552,5.56885196166648,3.55186553122331,6.2557199755488,4.29201594814704,2.8805399574372,4.92870257978762
1954,4.08373196026248,10.8079799466372,2.61778795575672,3.75386396227776,4.762439969652,2.71955795779432,6.3719999503416,4.62331196928048,4.70980797350112,3.5484930614961,6.18901194730248,3.0121199610336,4.31894395944816,2.06388545760307,10.9432319458661,3.8525999688312,4.654319966304,4.69593596123664,7.67678396856336,4.4452199662932,8.22554396335776,5.7334799568,4.272574523727,5.05905596397984,3.94358395657536,4.60617595587984,2.60044794676032,5.67901196283288,3.61510553189291,6.29284797594192,4.38463194912768,2.96968795838112,5.06579058123913
1955,4.1453399609148,11.0660399493696,2.66776795628592,3.81873596296464,4.85342397061536,2.7966699586108,6.43707595103064,4.67594396983776,4.75754397400656,3.6005130620469,6.31610394864816,3.08841596184144,4.40829596039424,2.18485745888395,10.9797479462527,3.91869596953104,4.81874396804496,4.7869199622,7.75124396935176,4.51335596701464,8.24206796353272,5.82691195778928,4.33561052439444,5.11413596456304,4.02232795740912,4.71735595705704,2.69000394770856,5.76877196378328,3.68732153265755,6.34180797646032,4.4747999500824,3.05638795929912,5.18574258250922
1956,4.20164396151096,11.2741199515728,2.71489195678488,3.88054796361912,4.91666397128496,2.84195795909032,6.5147999518536,4.72939197040368,4.80976797455952,3.6382530624465,6.4301399498556,3.13982396238576,4.46847596103144,2.28604145995531,10.990355946365,3.97030797007752,4.96317596957424,4.86933596307264,7.82713197015528,4.5808799677296,8.25308396364936,5.9293199588736,4.39334252500572,5.16595196511168,4.10841595832064,4.79650795789512,2.76079194845808,5.84751596461704,3.74668553328611,6.39362397700896,4.54497595082544,3.14798396026896,5.29610658367778
1957,4.2575399621028,11.3732639526226,2.75344795719312,3.92318396407056,4.98928797205392,2.88398195953528,6.56763595241304,4.78855197103008,4.84893597497424,3.68374506292818,6.5392799510112,3.20612396308776,4.5319199617032,2.36702946081283,11.0150399466264,4.011719970516,5.02396797021792,4.9256399636688,7.87976397071256,4.6471799684316,8.26185596374224,6.0129599597592,4.45168652562348,5.20185596549184,4.17328795900752,4.88830795886712,2.85585594946464,5.90932796527152,3.80217353387363,6.43197597741504,4.60984795151232,3.19714796078952,5.37077058446834
1958,4.2993599625456,11.4358919532857,2.7897599575776,3.95643596442264,5.0459999726544,2.91213395983336,6.61659595293144,4.83873597156144,4.87280397522696,3.71006106320682,6.63332395200696,3.24488396349816,4.57863596219784,2.41354146130531,11.0497199469936,4.04864397090696,5.06599197066288,4.97827196422608,7.94198397137136,4.69654796895432,8.28837596402304,6.10516796073552,4.49921852612676,5.23857596588064,4.25570395988016,4.95052795952592,2.90848795002192,5.96073596581584,3.84909353437043,6.46747197779088,4.67635195221648,3.24284396127336,5.45298258533882
1959,4.33628396293656,11.5019879539855,2.81811595787784,4.00131596489784,5.10352797326352,2.94273396015736,6.68881195369608,4.9072799722872,4.897079975484,3.73352106345522,6.72614395298976,3.2915999639928,4.64126396286096,2.45760546177187,11.0943959474666,4.0902599713476,5.10393597106464,5.01580796462352,7.99257597190704,4.74326396944896,8.32142396437296,6.18758396160816,4.54919852665596,5.26305596613984,4.31445596050224,5.0072399601264,2.9845799508276,6.01540796639472,3.90580553497091,6.504599978184,4.7583599530848,3.284459961714,5.51765058602354
1960,4.3768799633664,11.5289159542706,2.8550399582688,4.04905196540328,5.16717597393744,2.97863796053752,6.76408795449312,4.9705199729568,4.93400397587496,3.76004106373602,6.81284395390776,3.33933596449824,4.70062796348952,2.52614946249763,11.1531479480887,4.12371597170184,5.15126397156576,5.07231596522184,8.05234797253992,4.79997597004944,8.37160796490432,6.2659199624376,4.62284252743572,5.29243196645088,4.36178396100336,5.0878199609796,3.069239951724,6.06722396694336,3.96557753560379,6.5331599784864,4.85505595410864,3.32281196212008,5.58027858668665
1961,4.41298796374872,11.5515599545104,2.89155595865544,4.10188796596272,5.22307197452928,3.00923796086152,6.8197799550828,5.02845597357024,4.95950397614496,3.79043706405786,6.9013799548452,3.39217196505768,4.7501999640144,2.58020946307003,11.2125119487173,4.164719972136,5.1887999719632,5.12739596580504,8.09926797303672,4.8430199705052,8.42383196545728,6.3271199630856,4.670374527939,5.31895196673168,4.41727196159088,5.16554396180256,3.14614795253832,6.12046796750712,4.00739753604659,6.56906397886656,4.95052795511952,3.37299596265144,5.65596258748802
1962,4.4676599643276,11.5768559547782,2.95520395932936,4.14003596636664,5.2969199753112,3.05085396130216,6.8972999559036,5.10883197442128,4.99948797656832,3.84245706460866,7.01704795606992,3.44806796564952,4.81813196473368,2.65446546385627,11.2867679495035,4.22041197272568,5.22919197239088,5.200019966574,8.17393197382728,4.89340797103872,8.49217196618088,6.40627196392368,4.7254545285222,5.36179196718528,4.49642396242896,5.25550796275512,3.2416199535492,6.1914599682588,4.06553753666219,6.59680797916032,5.04967195616928,3.40930796303592,5.73266658830017
1963,4.5094799647704,11.6011319550353,2.99824795978512,4.17879596677704,5.34669597583824,3.096549961786,6.96706795664232,5.1622799749872,5.02784397686856,3.88631706507306,7.11272395708296,3.48968396609016,4.87953596538384,2.70730146441571,11.3500079501731,4.25937597313824,5.27733597290064,5.24836796708592,8.23880397451416,4.94073597153984,8.57764796708592,6.48991196480928,4.76911052898444,5.39606396754816,4.56700796317632,5.32609196350248,3.28915195405248,6.25490396893056,4.11470153718275,6.61761597938064,5.11454395685616,3.44480396341176,5.79672258897842
1964,4.56027596530824,11.6137799551692,3.032519960148,4.19980796699952,5.39524797635232,3.11613396199336,7.03663195737888,5.21042397549696,5.05334397713856,3.9238530654705,7.19595595796424,3.52558796647032,4.92074396582016,2.74136946477643,11.3801999504928,4.2809999733672,5.30589597320304,5.29549196758488,8.27491197489648,4.98724797203232,8.66251196798448,6.559679965548,4.81643852948556,5.43400796794992,4.64452796399712,5.37321596400144,3.3272999544564,6.29815196938848,4.17386153780915,6.63679197958368,5.16350395737456,3.47846396376816,5.85588258960482
1965,4.62025196594328,11.6221439552578,3.0865799607204,4.23958796742072,5.43319197675408,3.15203796237352,7.12149595827744,5.25448797596352,5.08129197743448,3.97954506606018,7.31223595919544,3.57352796697792,4.96888796632992,2.80379346543739,11.4144719508557,4.32914397387696,5.34506397361776,5.34261596808384,8.32713597544944,5.04885597268464,8.7088199684748,6.6331199663256,4.86499052999964,5.47766396841216,4.71225596471424,5.4448199647596,3.37911595500504,6.34221596985504,4.23506153845715,6.66045597983424,5.22225595799664,3.49927196398848,5.91789859026146
1966,4.66574396642496,11.6343839553874,3.1365599612496,4.2738599677836,5.47562397720336,3.1903899627796,7.18942795899672,5.29243197636528,5.10801597771744,4.02768906656994,7.39261196004648,3.61004396736456,5.02417196691528,2.85907746602275,11.4369119510933,4.36484397425496,5.38300797401952,5.38096796848992,8.36936397589656,5.09373597315984,8.78164796924592,6.68983196692608,4.91374653051588,5.51030396875776,4.76774396530176,5.50581596540544,3.42399595548024,6.38668797032592,4.29585353910083,6.68167198005888,5.2867199586792,3.53415596435784,5.96094259071721
1967,4.70572796684832,11.6458079555083,3.180419961714,4.30058396806656,5.50622397752736,3.2352699632548,7.24858795962312,5.31976797665472,5.13025197795288,4.06134906692634,7.4542199606988,3.63044396758056,5.06354396733216,2.90069346646339,11.4626159513654,4.39197597454224,5.42176797442992,5.41564796885712,8.39812797620112,5.12168397345576,8.83366796979672,6.7391999674488,4.96331853104076,5.53723196904288,4.82037596585904,5.55130796588712,3.45439195580208,6.43462797083352,4.35256553970131,6.70166398027056,5.33894395923216,3.5720999647596,6.00765859121185
1968,4.7532599673516,11.6698799557632,3.22958396223456,4.33465196842728,5.53274397780816,3.27525396367816,7.32243596040504,5.36342397711696,5.15432397820776,4.1033730673713,7.53500396155416,3.65798396787216,5.11270796785272,2.94496146693211,11.4985199517456,4.4237999748792,5.47480797499152,5.46175196934528,8.4313799765532,5.15187597377544,8.87650797025032,6.78489596793264,5.01452253158292,5.57191196941008,4.88606396655456,5.59863596638824,3.48764395615416,6.491339971434,4.41682554038171,6.71594398042176,5.39728795984992,3.60025196505768,6.05865859175186
1969,4.7828399676648,11.690075955977,3.2640599625996,4.3574999686692,5.57599197826608,3.29932596393304,7.37180396092776,5.38912797738912,5.17635597844104,4.1370330677277,7.58702396210496,3.67858796809032,5.15840396833656,2.97148146721291,11.5319759520998,4.45807197524208,5.51356797540192,5.49255596967144,8.45871597684264,5.18104797408432,8.92240797073632,6.83426396845536,5.04940653195228,5.59639196966928,4.93747196709888,5.63413196676408,3.50947195638528,6.52948797183792,4.46068554084611,6.73797598065504,5.45644796047632,3.6434999655156,6.0982345921709
1970,4.8093599679456,11.7147599562384,3.30302396301216,4.389119969004,5.60863197861168,3.3352299643132,7.42341596147424,5.42380797775632,5.19328797862032,4.16334906800634,7.63843196264928,3.70633196838408,5.20063196878368,3.02227746775075,11.571755952521,4.48928397557256,5.5661999759592,5.51377196989608,8.483399977104,5.21164797440832,8.95443597107544,6.8738399688744,5.07755853225036,5.64331197016608,4.9868399676216,5.67411596718744,3.54394795675032,6.57559197232608,4.50413754130619,6.76204798090992,5.50663196100768,3.67695596586984,6.13658659257698
1971,4.83526796821992,11.7582119566985,3.35239196353488,4.42849196942088,5.64004797894432,3.38092596479704,7.48930796217192,5.453999978076,5.2112399788104,4.19660106835842,7.7051399633556,3.73264796866272,5.252039969328,3.07409346829939,11.6213279530459,4.52641197596568,5.6090399764128,5.54641197024168,8.50747197735888,5.23898397469776,8.98748397142536,6.92320796939712,5.1110145326046,5.68411197059808,5.02927196807088,5.71899596766264,3.60331195737888,6.62271597282504,4.54330554172091,6.7799999811,5.55763196154768,3.70449596616144,6.16820659291178
1972,4.86627596854824,11.8057439572018,3.39523196398848,4.46113196976648,5.67350397929856,3.42009396521176,7.54418396275296,5.48378397839136,5.23143597902424,4.23638106877962,7.75654796389992,3.75447596889384,5.2958999697924,3.13039746889555,11.6729399535924,4.57047597643224,5.64902397683616,5.59088397071256,8.53684797766992,5.27121597503904,9.02950797187032,6.96645596985504,5.15161053303444,5.73878397117696,5.05783196837328,5.75959196809248,3.66614395804416,6.67004397332616,4.59104154222635,6.79754398128576,5.6131199621352,3.72999596643144,6.2022745932725
1973,4.89748796887872,11.8555199577288,3.45296396459976,4.5053999702352,5.70614397964416,3.48088596585544,7.6204799635608,5.5213199787888,5.2550999792748,4.2859530693045,7.82386796461272,3.80037596937984,5.35138797037992,3.18425346946579,11.7245519541389,4.60984797684912,5.70736797745392,5.6406599712396,8.5731599780544,5.32160397557256,9.0729599723304,7.01827197040368,5.19587853350316,5.8007999718336,5.09006396871456,5.83099196884848,3.7669199591112,6.7279799739396,4.65203754287219,6.81835198150608,5.66901596272704,3.76100396675976,6.24348259370881
1974,4.93726796929992,11.9134559583422,3.5047799651484,4.54395597064344,5.73184797991632,3.54249396650776,7.69249196432328,5.56497597925104,5.29365597968304,4.34878506996978,7.88649596527584,3.8678999700948,5.40687597096744,3.25789747024555,11.7988079549251,4.64677197724008,5.7824399782488,5.7171599720496,8.610899978454,5.40381597644304,9.11539197277968,7.06886397093936,5.25565053413604,5.86118397247296,5.127599969112,5.89117196948568,3.86463596014584,6.787139974566,4.69140954328907,6.83671198170048,5.72450396331456,3.81241196730408,6.2899945942013
1975,4.97725196972328,11.9875079591263,3.56332796576832,4.60270797126552,5.76897598030944,3.60287796714712,7.77980396524776,5.61760797980832,5.33384398010856,4.42956907082514,7.96462796610312,3.95317197099768,5.46297597156144,3.33052147101451,11.8834679558215,4.69246797772392,5.83833597884064,5.78896797280992,8.65863597895944,5.45828397701976,9.1637399732916,7.12353597151824,5.33113053493524,5.91544797304752,5.158199969436,5.95543197016608,3.99254396150016,6.8564999753004,4.72649754366059,6.8656799820072,5.76693596376384,3.88177196803848,6.33732259470241
1976,5.01417597011424,12.0352439596318,3.61575596632344,4.6604399718768,5.81671198081488,3.65224596766984,7.84630796595192,5.64861598013664,5.36995198049088,4.48526107141482,8.05132796702112,3.99295197141888,5.51254797208632,3.37866547152427,11.9518079565451,4.73510397817536,5.8721999791992,5.84078397335856,8.6935199793288,5.5029599774928,9.22963197398928,7.18473597216624,5.37968253544932,5.96318397355296,5.20552796993712,6.01561197080328,4.07761196240088,6.90403197580368,4.76586954407747,6.89342398230096,5.8109999642304,3.947459968734,6.4113745954865
1977,5.05171197051168,12.0842039601502,3.65696396675976,4.7063399723628,5.87505598143264,3.68774196804568,7.92158396674896,5.67391198040448,5.39096398071336,4.52544907184034,8.12823596783544,4.01967597170184,5.55355197252048,3.43292947209883,12.0174959572406,4.77998397865056,5.90932797959232,5.90463597403464,8.7210599796204,5.54192397790536,9.28736397460056,7.26388797300432,5.43251853600876,6.0109199740584,5.24469597035184,6.05702397124176,4.16043596327784,6.96013197639768,4.81401354458723,6.90199198239168,5.8395599645328,4.01763596947704,6.47135059612153
1978,5.09414397096096,12.1409159607506,3.70204796723712,4.7491799728164,5.92279198193808,3.73833396858136,8.00440796762592,5.70247198070688,5.41177198093368,4.56686107227882,8.21146796871672,4.0647599721792,5.60006397301296,3.48739747267555,12.0864479579707,4.83322797921432,5.95461598007184,5.95237197454008,8.75329197996168,5.58496797836112,9.33877197514488,7.3328399737344,5.47637853647316,6.05335197450768,5.27284797064992,6.10598397176016,4.25305196425848,7.02398397707376,4.84746954494147,6.93259198271568,5.88117596497344,4.07312397006456,6.53153059675873
1979,5.12127597124824,12.1800839611654,3.72591596748984,4.78406397318576,5.96522398238736,3.77097396892696,8.05826396819616,5.72083198090128,5.4315599811432,4.59888907261794,8.28001196944248,4.09352397248376,5.62984797332832,3.53023747312915,12.1337759584718,4.87341597963984,5.98603198040448,5.99113197495048,8.78144398025976,5.6110799786376,9.4003799757972,7.38832797432192,5.49841053670644,6.08721597486624,5.32017597115104,6.13964397211656,4.31731196493888,7.06621197752088,4.87868154527195,6.94972798289712,5.90973596527584,4.1371799707428,6.58212259729442
1980,5.14453197149448,12.2094599614764,3.74672396771016,4.807319973432,5.99541598270704,3.8023899692596,8.10028796864112,5.74123198111728,5.44257598125984,4.62642907290954,8.32958396996736,4.1086199726436,5.65555197360048,3.55349347337539,12.181103958973,4.91523598008264,6.01214398068096,6.00969597514704,8.80225198048008,5.63739597891624,9.44281197624648,7.4429999749008,5.52187053695484,6.12189597523344,5.34832797144912,6.16636797239952,4.3717799655156,7.10558397793776,4.91744154568235,6.97543198316928,5.9415599656128,4.18797597128064,6.62435059774154
1981,5.17084797177312,12.2506679619127,3.78405596810544,4.837919973756,6.02601598303104,3.8329899695836,8.14618796912712,5.76326398135056,5.4550199813916,4.65804907324434,8.39119197061968,4.13697597294384,5.6896199739612,3.58654147372531,12.2310839595022,4.9480799804304,6.0435599810136,6.04376397550776,8.82632398073496,5.66677197922728,9.47851197662448,7.50746397558336,5.54471853719676,6.15820797561792,5.3744399717256,6.18982797264792,4.43053196613768,7.14760797838272,4.94579754598259,6.994199983368,5.97787196599728,4.2310199717364,6.65862259810442
1982,5.19818397206256,12.2945279623771,3.82057196849208,4.86321597402384,6.05049598329024,3.86481396992056,8.19412796963472,5.77713598149744,5.47072798155792,4.69028107358562,8.45871597133464,4.1718599733132,5.72062797428952,3.63835747427395,12.2969759601998,4.9817399807868,6.08150398141536,6.07395597582744,8.84060398088616,5.69084397948216,9.5115599769744,7.55560797609312,5.57123853747756,6.19207197597648,5.40667197206688,6.22267197299568,4.49989196687208,7.19350797886872,4.97211354626123,7.01215198355808,6.0149999663904,4.26733197212088,6.70085059855154
1983,5.23021197240168,12.3436919628977,3.85749596888304,4.90156797442992,6.06844798348032,3.89745397026616,8.25369597026544,5.7946799816832,5.49031198176528,4.7153730738513,8.51155197189408,4.20919197370848,5.75265597462864,3.68833747480315,12.3567479608327,5.00887198107408,6.11047198172208,6.11128797622272,8.86426798113672,5.71287597971544,9.56643597755544,7.60701597663744,5.60510253783612,6.2393999764776,5.433599972352,6.25204797330672,4.57700396768856,7.23573597931584,5.01087354667163,7.02561598370064,6.05906396685696,4.29874797245352,6.73185859887986
1984,5.26468797276672,12.3879599633664,3.89809196931288,4.93543197478848,6.08191198362288,3.93376597065064,8.32142397098256,5.81344798188192,5.5121399819964,4.7500530742185,8.57458797256152,4.25060397414696,5.7936599750628,3.74729347542739,12.4177439614786,5.04253198143048,6.13495198198128,6.15841197672168,8.88446398135056,5.74041598000704,9.60988797801552,7.64536797704352,5.64202653822708,6.27489597685344,5.45644797259392,6.2883599736912,4.65962396856336,7.29734397996816,5.04942954707987,7.03663198381728,6.11659196746608,4.34056797289632,6.75899059916714
1985,5.31711597332184,12.4318199638308,3.9443999698032,4.96888797514272,6.10802398389936,3.9819099711604,8.38894797169752,5.84323198219728,5.54518798234632,4.7918730746613,8.64313197328728,4.29181197458328,5.84547597561144,3.81685747616395,12.4958759623058,5.07986398182576,6.17330398238736,6.20390397720336,8.90629198158168,5.77774798040232,9.64660797840432,7.68616797747552,5.68058253863532,6.32589597739344,5.49643197301728,6.3271199741016,4.7389799694036,7.33467598036344,5.10124554762851,7.05172798397712,6.17330396806656,4.39034397342336,6.78530659944578
1986,5.3601599737776,12.4620119641505,3.99988797039072,5.01621597564384,6.12883198411968,4.02107797157512,8.4527999723736,5.86893598246944,5.57354398264656,4.84511707522506,8.69698797385752,4.32220797490512,5.88566397603696,3.85969747661755,12.5548319629301,5.12311198228368,6.19982398266816,6.24837597767424,8.92954798182792,5.81365198078248,9.67741197873048,7.74043197805008,5.71097853895716,6.36710397782976,5.52988797337152,6.37526397461136,4.79222396996736,7.37282398076736,5.16020154825275,7.06723198414128,6.23654396873616,4.44256797397632,6.8214145998281
1987,5.39137197410808,12.4924079644723,4.05435597096744,5.0510999760132,6.15249598437024,4.05290197191208,8.51318397301296,5.8946399827416,5.595779982882,4.88408107563762,8.74921197441048,4.35423597524424,5.92585197646248,3.90110947705603,12.6139919635565,5.15024398257096,6.2210399828928,6.29386797815592,8.95382398208496,5.8446599811108,9.70107597898104,7.79061597858144,5.7393345392574,6.41524797833952,5.57476797384672,6.41830797506712,4.84995597057864,7.40301598108704,5.19875754866099,7.08273598430544,6.28060796920272,4.50886797467832,6.8550746001845
1988,5.4182999743932,12.5211719647769,4.0851599712936,5.0847599763696,6.17085598456464,4.09166197232248,8.56357197354648,5.92156798302672,5.61250798305912,4.91957707601346,8.78960397483816,4.38116397552936,5.95502397677136,3.94313347750099,12.6811079642671,5.16921598277184,6.23817598307424,6.32528397848856,8.97524398231176,5.8619999812944,9.73065597929424,7.8285599789832,5.76197853949716,6.43972797859872,5.67187197487488,6.4505399754084,4.89748797108192,7.42851598135704,5.23445754903899,7.0982399844696,6.32997596972544,4.55252397514056,6.88037060045234
1989,5.460119974836,12.5750279653471,4.15370397201936,5.12311197677568,6.1883999847504,4.1287899727156,8.63252397427656,5.95216798335072,5.64208798337232,4.97710507662258,8.8495799754732,4.42135197595488,5.99480397719256,3.99780547807987,12.7745399652564,5.19002398299216,6.2597999833032,6.37424397900696,9.00339598260984,5.8956599816508,9.753299979534,7.87547997948,5.79319053982764,6.47236797894432,5.73674397556176,6.49705197590088,4.9745999718984,7.46605198175448,5.28525354957683,7.10884798458192,6.37730397022656,4.58353197546888,6.91035860076986
1990,5.50867197535008,12.6319439659498,4.22734797279912,5.16370797720552,6.2047199849232,4.187949973342,8.68393197482088,5.97542398359696,5.66534398361856,5.0356530772425,8.9158799761752,4.45868397635016,6.03417597760944,4.05961747873435,12.8536919660945,5.21960398330536,6.28999198362288,6.41810397947136,9.03154798290792,5.91789598188624,9.78940797991632,7.9203599799552,5.83052254022292,6.50174397925536,5.80079997624,6.534179976294,5.02437597242544,7.51011598222104,5.32462554999371,7.12965598480224,6.43564797084432,4.62555597591384,6.9448346011349
1991,5.5549799758404,12.6878399665416,4.29507597351624,5.20369197762888,6.22022398508736,4.23976597389064,8.74431597546024,5.99786398383456,5.68717198384968,5.08624507777818,8.97850797683832,4.49030397668496,6.07334397802416,4.11469747931755,12.9344759669498,5.24530798357752,6.31161598385184,6.45380397984936,9.05582398316496,5.94380398216056,9.82531198029648,7.96401598041744,5.8596945405318,6.53397597959664,5.86322397690096,6.57253197670008,5.06884797289632,7.54969198264008,5.35665355033283,7.14638398497936,6.47644797127632,4.66411197632208,6.96972260139842
1992,5.59945197631128,12.7465919671637,4.35260397412536,5.2438799780544,6.231239985204,4.28546197437448,8.7944999759916,6.01785598404624,5.7202199841996,5.13724507831818,9.02767197735888,4.52539197705648,6.12087597852744,4.16610547986187,13.0160759678138,5.271419983854,6.32752798402032,6.4892999802252,9.07969198341768,5.97052798244352,9.85917598065504,8.00889598089264,5.89784254093572,6.5678399799552,5.93462397765696,6.61251597712344,5.10556797328512,7.58151598297704,5.39949355078643,7.16188798514352,6.52214397176016,4.69777197667848,6.99746660169218
1993,5.64371997678,12.8165639679046,4.40788797471072,5.27998797843672,6.2495999853984,4.36094197517368,8.83591197643008,6.0333599842104,5.73919198440048,5.18702107884522,9.06928797779952,4.5543599773632,6.1690199790372,4.20772148030251,13.1276639689954,5.29671598412184,6.34058398415856,6.51908398054056,9.10233598365744,5.9925599826768,9.89120398099416,8.04357598125984,5.93762254135692,6.5923199802144,5.9782799781192,6.6422999774388,5.13596397360696,7.59946798316712,5.43111355112123,7.18228798535952,6.55519197211008,4.73632797708672,7.02480260198162
1994,5.68982397726816,12.9016319688053,4.47724797544512,5.31813597884064,6.26918398560576,4.412349975718,8.87548797684912,6.05008798438752,5.76448798466832,5.23271707932906,9.10988397822936,4.58516397768936,6.20839197945408,4.23893348063299,13.2323159701034,5.31874798435512,6.35649598432704,6.55845598095744,9.1249799838972,6.01214398288416,9.93669598147584,8.07988798164432,5.97373054173924,6.62495998056,6.0292799786592,6.67820397781896,5.17390797400872,7.62394798342632,5.46477355147763,7.19575198550208,6.598439972568,4.77427197748848,7.05479060229914
1995,5.7293999776872,12.9556919693777,4.52253597592464,5.35301997921,6.28958398582176,4.44172597602904,8.91526797727032,6.06436798453872,5.7824399848584,5.2753530797805,9.1423199785728,4.61535597800904,6.24919197988608,4.26728948093323,13.3112639709394,5.33486398452576,6.37485598452144,6.5943599813376,9.14068798406352,6.03050398307856,9.97586398189056,8.11293598199424,5.9984145420006,6.65637598089264,6.0782399791776,6.7065599781192,5.20430397433056,7.6500599837028,5.50863355194203,7.20391198558848,6.62740797287472,4.8022199777844,7.08539060262313
1996,5.76999597811704,13.0344359702114,4.56211197634368,5.40177597972624,6.30631198599888,4.47722197640488,8.95606797770232,6.07946398469856,5.8007999850528,5.3263530803205,9.17026797886872,4.64983197837408,6.29917198041528,4.30727348135659,13.4099999719848,5.3621999848152,6.39403198472448,6.63230398173936,9.16292398429896,6.04886398327296,10.00319998218,8.14557598233984,6.02615854229436,6.6841199811864,6.13291197975648,6.73675197843888,5.23531197465888,7.6724999839404,5.55800155246475,7.21941598575264,6.66208797324192,4.86117597840864,7.10762660285858
1997,5.82181197866568,13.1323559712482,4.63106397707376,5.449919980236,6.32059198615008,4.52087797686712,9.00584397822936,6.09741598488864,5.8120199851716,5.38388108092962,9.20392797922512,4.69083597880824,6.3546599810028,4.35215348183179,13.5003719729417,5.38627198507008,6.41402398493616,6.67045198214328,9.1810799844912,6.06824398347816,10.0307399824716,8.17576798265952,6.06389854269396,6.7126799814888,6.18268798028352,6.76857597877584,5.27713197510168,7.6928999841564,5.61165355303283,7.23736798594272,6.700439973648,4.91686797899832,7.12680260306162
1998,5.86444797911712,13.22129997219,4.68757197767208,5.48480398060536,6.34303198638768,4.56045397728616,9.04909197868728,6.1108799850312,5.81773198523208,5.43508508147178,9.23167197951888,4.71511197906528,6.39607198144128,4.39274948226163,13.5782999737668,5.40116398522776,6.43646398517376,6.70186798247592,9.19617598465104,6.08211598362504,10.052975982707,8.201879982936,6.09715054304604,6.73756798175232,6.23695198085808,6.7952999790588,5.31976797555312,7.7030999842644,5.65592155350155,7.24756798605072,6.75225597419664,4.9684799795448,7.14251060322793
1999,5.914019979642,13.3479839735314,4.73000397812136,5.52621598104384,6.35935198656048,4.59472597764904,9.08438397906096,6.12679198519968,5.82874798534872,5.48282108197722,9.2575799797932,4.74958797943032,6.44564398196616,4.44946148286211,13.644803974471,5.424419985474,6.45115198532928,6.73756798285392,9.21351598483464,6.1067999838864,10.0862279830591,8.22350398316496,6.12856654337868,6.77020798209792,6.31243198165728,6.82957197942168,5.36872797607152,7.72533598449984,5.69264155389035,7.259399986176,6.82528797496992,5.02376398013016,7.16189060343314
2000,5.97542398029216,13.481399974944,4.76386797847992,5.57170798152552,6.37240798669872,4.64654197819768,9.13885197963768,6.14474398538976,5.85057598557984,5.54932508268138,9.29593198019928,4.79997597996384,6.49521598249104,4.48720148326171,13.720079975268,5.45155198576128,6.47767198561008,6.781019983314,9.23330398504416,6.1333199841672,10.1184599834004,8.25981598354944,6.15998254371132,6.81508798257312,6.36302398219296,6.86792397982776,5.42217597663744,7.74043198465968,5.74792555447571,7.27082398629696,6.8921999756784,5.07904798071552,7.18433060367074
2001,6.03907198096608,13.6154279763631,4.80303597889464,5.62821598212384,6.38587198684128,4.70325397879816,9.1912799801928,6.16636798561872,5.86954798578072,5.6109330833337,9.32877598054704,4.84322398042176,6.53560798291872,4.52167748362675,13.8133079762551,5.47623598602264,6.5025599858736,6.81121198363368,9.25186798524072,6.16228798447392,10.1559959837978,8.28674398383456,6.19282654405908,6.8534399829792,6.41565598275024,6.9146399803224,5.49643197742368,7.75777198484328,5.80198555504811,7.28469598644384,6.94850397627456,5.13453598130304,7.20819860392345
2002,6.10108798162272,13.7508839777974,4.84954797938712,5.66758798254072,6.39607198694928,4.7448699792388,9.25023598081704,6.1843199858088,5.88586798595352,5.6568330838197,9.36712798095312,4.87790398078896,6.57457198333128,4.56043748403715,13.8865439770306,5.49581998623,6.51806398603776,6.86282398418016,9.27328798546752,6.18656398473096,10.1819039840722,8.3079599840592,6.2228145443766,6.88852798335072,6.45074398312176,6.95401198073928,5.57109597821424,7.781639985096,5.85339355559243,7.29448798654752,7.016639976996,5.17737598175664,7.23818660424098
2003,6.16208398226856,13.8418679787607,4.9123799800524,5.7273599831736,6.41035198710048,4.81096597993864,9.29695198131168,6.20594398603776,5.91157198622568,5.7170130844569,9.40894798139592,4.92196798125552,6.62128798382592,4.61225348458579,13.9399919775965,5.51968798648272,6.52948798615872,6.89852398455816,9.29144398565976,6.22226398510896,10.2023039842882,8.34019198440048,6.26096254478052,6.9289199837784,6.49113598354944,7.01419198137648,5.66779197923808,7.80183598530984,5.90031355608923,7.3042799866512,7.09538397782976,5.23388398235496,7.25715860444186
2004,6.22389598292304,13.9224479796139,4.97337598069824,5.77795198370928,6.42259198723008,4.87991798066872,9.35896798196832,6.23083198630128,5.94094798653672,5.78514908517834,9.45933598192944,4.96521598171344,6.65739598420824,4.64809692246531,14.0007839782402,5.55273598683264,6.54907198636608,6.93422398493616,9.31347598589304,6.2506199854092,10.222499984502,8.3671199846856,6.30461854524276,6.98277598434864,6.54009598406784,7.06274398189056,5.73572397995736,7.82182798552152,5.93825755649099,7.320599986824,7.18922397882336,5.28488398289496,7.2855146047421
2005,6.27387598345224,14.0048639804866,5.03029198130088,5.8283399842428,6.445439987472,4.93499798125192,9.40303198243488,6.25123198651728,5.96685598681104,5.8404330857637,9.49605598231824,5.01825598227504,6.69493198460568,4.68288175616695,14.0581079788471,5.5763999870832,6.56539198653888,6.96298798524072,9.33428398611336,6.27428398565976,10.2473879847655,8.39527198498368,6.33970654561428,7.02724798481952,6.58579198455168,7.10905198238088,5.81181598076304,7.8499799858196,5.98048555693811,7.33773598700544,7.27898397977376,5.34485998353,7.31448260504881
2006,6.3413999841672,14.0756519812361,5.09944798203312,5.87240398470936,6.46665598769664,5.01782198212888,9.45260398295976,6.27897598681104,5.98970398705296,5.90428508643978,9.55521598294464,5.08924798302672,6.73695598505064,4.71726956903106,14.1266519795729,5.59761598730784,6.59517598685424,7.00603198569648,9.35468398632936,6.30488398598376,10.2706439850118,8.42342398528176,6.3880545461262,7.07090398528176,6.63638398508736,7.1726999830548,5.90361598173504,7.88098798614792,6.01965355735283,7.34548798708752,7.4185199812512,5.42625598439184,7.38690260581562
2007,6.39790798476552,14.1382799818992,5.15860798265952,5.90667598507224,6.48256798786512,5.06882198266888,9.50156398347816,6.29978398703136,6.01744798734672,5.9526330869517,9.59458798336152,5.13453598350624,6.77755198548048,4.7517455693961,14.1878519802209,5.61230398746336,6.60945598700544,7.03785598603344,9.37120798650432,6.34201198637688,10.3087919854157,8.446679985528,6.43477054662084,7.1023199856144,6.67106398545456,7.22145598357104,5.98766398262496,7.90322398638336,6.06330955781507,7.3573199872128,7.50297598214544,5.49112798507872,7.41089895606969
2008,6.45298798534872,14.2139639827006,5.2244999833572,5.94523198548048,6.496439988012,5.12553398326936,9.572759984232,6.32385598728624,6.04090798759512,6.01546508761698,9.6329399837676,5.20226398422336,6.81019198582608,4.78665931976577,14.2535399809164,5.62923598764264,6.622919987148,7.07498398642656,9.38671198666848,6.37485598672464,10.346123985811,8.47279198580448,6.47842654708308,7.14230398603776,6.70941598586064,7.2777599841672,6.07966798359912,7.92688798663392,6.11043355831403,7.37486398739856,7.58253598298784,5.54355598563384,7.43004416739771
2009,6.50174398586496,14.262923983219,5.302019984178,5.99337598599024,6.50500798810272,5.20835798414632,9.61233598465104,6.35241598758864,6.05498398774416,6.07870508828658,9.67251598418664,5.25999598483464,6.83691598610904,4.82238765347741,14.318003981599,5.64596398781976,6.64291198735968,7.10150398670736,9.39895198679808,6.40688398706376,10.3699919860637,8.50298398612416,6.51535261425857,7.17739198640928,6.74164798620192,7.33243198474608,6.1608599844588,7.94830798686072,6.14388955866827,7.39322398759296,7.6571999837784,5.60128798624512,7.45134796179395
2010,6.5423399862948,14.2971959835818,5.37301198492968,6.03315598641144,6.5147999882064,5.289549985006,9.6574199851284,6.37118398778736,6.07069198791048,6.1454130889929,9.70699198455168,5.32262398549776,6.86853598644384,4.85937540386904,14.356355982005,5.66554798802712,6.65800798751952,7.12435198694928,9.41384398695576,6.4342199873532,10.3808039861782,8.5303199864136,6.55169698970739,7.21615198681968,6.77265598653024,7.38853198534008,6.24266398532496,7.96666798705512,6.18162955906787,7.41158398778736,7.73594398461216,5.65657198683048,7.47816104772239
2011,6.59293198683048,14.3365679839987,5.44216798566192,6.07905598689744,6.5249999883144,5.36870198584408,9.6971999855496,6.3964799880552,6.09088798812432,6.2066130896409,9.75166798502472,5.38443598615224,6.90586798683912,4.89813540427944,14.4077639825494,5.68798798826472,6.68248798777872,7.14740398719336,9.426899987094,6.4648199876772,10.3956959863358,8.55765598670304,6.59671919657677,7.24756798715232,6.81141598694064,7.44422398592976,6.30590398599456,7.99216798732512,6.22630555954091,7.42912798797312,7.79836798527312,5.70634798735752,7.50684916100691
2012,6.64311598736184,14.3749199844048,5.52315598651944,6.1271999874072,6.53642398843536,5.44622198666488,9.74881198609608,6.42055198831008,6.1088399883144,6.27250509033858,9.80797198562088,5.46481198700328,6.94748398727976,4.93924034221467,14.4661079831671,5.71675198856928,6.71227198809408,7.1777999875152,9.44444398727976,6.49562398800336,10.4177279865691,8.58907198703568,6.64657615231673,7.29081598761024,6.84813598732944,7.50481198657128,6.38607598684344,8.01623998758,6.26384155993835,7.4470799881632,7.87711198610688,5.76979198802928,7.53447204460017
2013,6.69595198792128,14.4187799848692,5.61556798749792,6.17901598795584,6.55437598862544,5.52597332761317,9.79185598655184,6.4413599885304,6.13005598853904,6.34390509109458,9.88651198645248,5.5406999878068,7.00174798785432,4.98329017601441,14.5358759839058,5.74306798884792,6.735119988336,7.21084798786512,9.45586798740072,6.52581598832304,10.4397599868024,8.62048798736832,6.69413223860675,7.31937598791264,6.89383198781328,7.5623399871804,6.4535999875584,8.04357598786944,6.30464156037035,7.46095198831008,7.95585598694064,5.81263198848288,7.5651499558024
2014,6.74409598843104,14.450399985204,5.7079799884764,6.23470798854552,6.56906398878096,5.6049599884872,9.84142798707672,6.46135198874208,6.15453598879824,6.4107599882064,9.93363598695144,5.61679198861248,7.04336398829496,5.03090398901856,14.6103359846942,5.76285598905744,6.76286398862976,7.24695598824744,9.467699987526,6.55621198864488,10.4619959870378,8.65149598769664,6.73838398837056,7.3471199882064,6.93993598830144,7.62476398784136,6.5229599882928,8.06397598808544,6.3413999885736,7.47278398843536,8.01909598761024,5.84955598887384,7.6092599876772
2015,6.8,14.5,5.8,6.3,6.6,5.7,9.9,6.5,6.2,6.5,10,5.7,7.1,5.1,14.7,5.8,6.8,7.3,9.5,6.6,10.5,8.7,6.8,7.4,7,7.7,6.6,8.1,6.4,7.5,8.1,5.9,7.7
